run_id,eccentricity,a_b_ratio,ecc_label,N,phi,radius,E_per_N,v_max,seed,design,status,date_started,date_finished,wall_time_seconds
1,0.0,1.0,Circle,20,0.04,0.06324555320336758,0.32,1.0,1,pilot,pending,,,NaN
2,0.0,1.0,Circle,20,0.04,0.06324555320336758,0.32,1.0,2,pilot,pending,,,NaN
3,0.0,1.0,Circle,20,0.04,0.06324555320336758,0.32,1.0,3,pilot,pending,,,NaN
4,0.0,1.0,Circle,20,0.04,0.06324555320336758,0.32,1.0,4,pilot,pending,,,NaN
5,0.0,1.0,Circle,20,0.04,0.06324555320336758,0.32,1.0,5,pilot,pending,,,NaN
6,0.0,1.0,Circle,20,0.04,0.06324555320336758,0.32,1.0,6,pilot,pending,,,NaN
7,0.0,1.0,Circle,20,0.04,0.06324555320336758,0.32,1.0,7,pilot,pending,,,NaN
8,0.0,1.0,Circle,20,0.04,0.06324555320336758,0.32,1.0,8,pilot,pending,,,NaN
9,0.0,1.0,Circle,20,0.04,0.06324555320336758,0.32,1.0,9,pilot,pending,,,NaN
10,0.0,1.0,Circle,20,0.04,0.06324555320336758,0.32,1.0,10,pilot,pending,,,NaN
11,0.0,1.0,Circle,20,0.06,0.07745966692414834,0.32,1.0,1,pilot,pending,,,NaN
12,0.0,1.0,Circle,20,0.06,0.07745966692414834,0.32,1.0,2,pilot,pending,,,NaN
13,0.0,1.0,Circle,20,0.06,0.07745966692414834,0.32,1.0,3,pilot,pending,,,NaN
14,0.0,1.0,Circle,20,0.06,0.07745966692414834,0.32,1.0,4,pilot,pending,,,NaN
15,0.0,1.0,Circle,20,0.06,0.07745966692414834,0.32,1.0,5,pilot,pending,,,NaN
16,0.0,1.0,Circle,20,0.06,0.07745966692414834,0.32,1.0,6,pilot,pending,,,NaN
17,0.0,1.0,Circle,20,0.06,0.07745966692414834,0.32,1.0,7,pilot,pending,,,NaN
18,0.0,1.0,Circle,20,0.06,0.07745966692414834,0.32,1.0,8,pilot,pending,,,NaN
19,0.0,1.0,Circle,20,0.06,0.07745966692414834,0.32,1.0,9,pilot,pending,,,NaN
20,0.0,1.0,Circle,20,0.06,0.07745966692414834,0.32,1.0,10,pilot,pending,,,NaN
21,0.0,1.0,Circle,20,0.09,0.09486832980505137,0.32,1.0,1,pilot,pending,,,NaN
22,0.0,1.0,Circle,20,0.09,0.09486832980505137,0.32,1.0,2,pilot,pending,,,NaN
23,0.0,1.0,Circle,20,0.09,0.09486832980505137,0.32,1.0,3,pilot,pending,,,NaN
24,0.0,1.0,Circle,20,0.09,0.09486832980505137,0.32,1.0,4,pilot,pending,,,NaN
25,0.0,1.0,Circle,20,0.09,0.09486832980505137,0.32,1.0,5,pilot,pending,,,NaN
26,0.0,1.0,Circle,20,0.09,0.09486832980505137,0.32,1.0,6,pilot,pending,,,NaN
27,0.0,1.0,Circle,20,0.09,0.09486832980505137,0.32,1.0,7,pilot,pending,,,NaN
28,0.0,1.0,Circle,20,0.09,0.09486832980505137,0.32,1.0,8,pilot,pending,,,NaN
29,0.0,1.0,Circle,20,0.09,0.09486832980505137,0.32,1.0,9,pilot,pending,,,NaN
30,0.0,1.0,Circle,20,0.09,0.09486832980505137,0.32,1.0,10,pilot,pending,,,NaN
31,0.0,1.0,Circle,40,0.04,0.044721359549995794,0.32,1.0,1,pilot,pending,,,NaN
32,0.0,1.0,Circle,40,0.04,0.044721359549995794,0.32,1.0,2,pilot,pending,,,NaN
33,0.0,1.0,Circle,40,0.04,0.044721359549995794,0.32,1.0,3,pilot,pending,,,NaN
34,0.0,1.0,Circle,40,0.04,0.044721359549995794,0.32,1.0,4,pilot,pending,,,NaN
35,0.0,1.0,Circle,40,0.04,0.044721359549995794,0.32,1.0,5,pilot,pending,,,NaN
36,0.0,1.0,Circle,40,0.04,0.044721359549995794,0.32,1.0,6,pilot,pending,,,NaN
37,0.0,1.0,Circle,40,0.04,0.044721359549995794,0.32,1.0,7,pilot,pending,,,NaN
38,0.0,1.0,Circle,40,0.04,0.044721359549995794,0.32,1.0,8,pilot,pending,,,NaN
39,0.0,1.0,Circle,40,0.04,0.044721359549995794,0.32,1.0,9,pilot,pending,,,NaN
40,0.0,1.0,Circle,40,0.04,0.044721359549995794,0.32,1.0,10,pilot,pending,,,NaN
41,0.0,1.0,Circle,40,0.06,0.05477225575051661,0.32,1.0,1,pilot,pending,,,NaN
42,0.0,1.0,Circle,40,0.06,0.05477225575051661,0.32,1.0,2,pilot,pending,,,NaN
43,0.0,1.0,Circle,40,0.06,0.05477225575051661,0.32,1.0,3,pilot,pending,,,NaN
44,0.0,1.0,Circle,40,0.06,0.05477225575051661,0.32,1.0,4,pilot,pending,,,NaN
45,0.0,1.0,Circle,40,0.06,0.05477225575051661,0.32,1.0,5,pilot,pending,,,NaN
46,0.0,1.0,Circle,40,0.06,0.05477225575051661,0.32,1.0,6,pilot,pending,,,NaN
47,0.0,1.0,Circle,40,0.06,0.05477225575051661,0.32,1.0,7,pilot,pending,,,NaN
48,0.0,1.0,Circle,40,0.06,0.05477225575051661,0.32,1.0,8,pilot,pending,,,NaN
49,0.0,1.0,Circle,40,0.06,0.05477225575051661,0.32,1.0,9,pilot,pending,,,NaN
50,0.0,1.0,Circle,40,0.06,0.05477225575051661,0.32,1.0,10,pilot,pending,,,NaN
51,0.0,1.0,Circle,40,0.09,0.0670820393249937,0.32,1.0,1,pilot,pending,,,NaN
52,0.0,1.0,Circle,40,0.09,0.0670820393249937,0.32,1.0,2,pilot,pending,,,NaN
53,0.0,1.0,Circle,40,0.09,0.0670820393249937,0.32,1.0,3,pilot,pending,,,NaN
54,0.0,1.0,Circle,40,0.09,0.0670820393249937,0.32,1.0,4,pilot,pending,,,NaN
55,0.0,1.0,Circle,40,0.09,0.0670820393249937,0.32,1.0,5,pilot,pending,,,NaN
56,0.0,1.0,Circle,40,0.09,0.0670820393249937,0.32,1.0,6,pilot,pending,,,NaN
57,0.0,1.0,Circle,40,0.09,0.0670820393249937,0.32,1.0,7,pilot,pending,,,NaN
58,0.0,1.0,Circle,40,0.09,0.0670820393249937,0.32,1.0,8,pilot,pending,,,NaN
59,0.0,1.0,Circle,40,0.09,0.0670820393249937,0.32,1.0,9,pilot,pending,,,NaN
60,0.0,1.0,Circle,40,0.09,0.0670820393249937,0.32,1.0,10,pilot,pending,,,NaN
61,0.0,1.0,Circle,80,0.04,0.03162277660168379,0.32,1.0,1,pilot,pending,,,NaN
62,0.0,1.0,Circle,80,0.04,0.03162277660168379,0.32,1.0,2,pilot,pending,,,NaN
63,0.0,1.0,Circle,80,0.04,0.03162277660168379,0.32,1.0,3,pilot,pending,,,NaN
64,0.0,1.0,Circle,80,0.04,0.03162277660168379,0.32,1.0,4,pilot,pending,,,NaN
65,0.0,1.0,Circle,80,0.04,0.03162277660168379,0.32,1.0,5,pilot,pending,,,NaN
66,0.0,1.0,Circle,80,0.04,0.03162277660168379,0.32,1.0,6,pilot,pending,,,NaN
67,0.0,1.0,Circle,80,0.04,0.03162277660168379,0.32,1.0,7,pilot,pending,,,NaN
68,0.0,1.0,Circle,80,0.04,0.03162277660168379,0.32,1.0,8,pilot,pending,,,NaN
69,0.0,1.0,Circle,80,0.04,0.03162277660168379,0.32,1.0,9,pilot,pending,,,NaN
70,0.0,1.0,Circle,80,0.04,0.03162277660168379,0.32,1.0,10,pilot,pending,,,NaN
71,0.0,1.0,Circle,80,0.06,0.03872983346207417,0.32,1.0,1,pilot,pending,,,NaN
72,0.0,1.0,Circle,80,0.06,0.03872983346207417,0.32,1.0,2,pilot,pending,,,NaN
73,0.0,1.0,Circle,80,0.06,0.03872983346207417,0.32,1.0,3,pilot,pending,,,NaN
74,0.0,1.0,Circle,80,0.06,0.03872983346207417,0.32,1.0,4,pilot,pending,,,NaN
75,0.0,1.0,Circle,80,0.06,0.03872983346207417,0.32,1.0,5,pilot,pending,,,NaN
76,0.0,1.0,Circle,80,0.06,0.03872983346207417,0.32,1.0,6,pilot,pending,,,NaN
77,0.0,1.0,Circle,80,0.06,0.03872983346207417,0.32,1.0,7,pilot,pending,,,NaN
78,0.0,1.0,Circle,80,0.06,0.03872983346207417,0.32,1.0,8,pilot,pending,,,NaN
79,0.0,1.0,Circle,80,0.06,0.03872983346207417,0.32,1.0,9,pilot,pending,,,NaN
80,0.0,1.0,Circle,80,0.06,0.03872983346207417,0.32,1.0,10,pilot,pending,,,NaN
81,0.0,1.0,Circle,80,0.09,0.04743416490252569,0.32,1.0,1,pilot,pending,,,NaN
82,0.0,1.0,Circle,80,0.09,0.04743416490252569,0.32,1.0,2,pilot,pending,,,NaN
83,0.0,1.0,Circle,80,0.09,0.04743416490252569,0.32,1.0,3,pilot,pending,,,NaN
84,0.0,1.0,Circle,80,0.09,0.04743416490252569,0.32,1.0,4,pilot,pending,,,NaN
85,0.0,1.0,Circle,80,0.09,0.04743416490252569,0.32,1.0,5,pilot,pending,,,NaN
86,0.0,1.0,Circle,80,0.09,0.04743416490252569,0.32,1.0,6,pilot,pending,,,NaN
87,0.0,1.0,Circle,80,0.09,0.04743416490252569,0.32,1.0,7,pilot,pending,,,NaN
88,0.0,1.0,Circle,80,0.09,0.04743416490252569,0.32,1.0,8,pilot,pending,,,NaN
89,0.0,1.0,Circle,80,0.09,0.04743416490252569,0.32,1.0,9,pilot,pending,,,NaN
90,0.0,1.0,Circle,80,0.09,0.04743416490252569,0.32,1.0,10,pilot,pending,,,NaN
91,0.745,1.5,Low,20,0.04,0.06324555320336758,0.32,1.0,1,pilot,pending,,,NaN
92,0.745,1.5,Low,20,0.04,0.06324555320336758,0.32,1.0,2,pilot,pending,,,NaN
93,0.745,1.5,Low,20,0.04,0.06324555320336758,0.32,1.0,3,pilot,pending,,,NaN
94,0.745,1.5,Low,20,0.04,0.06324555320336758,0.32,1.0,4,pilot,pending,,,NaN
95,0.745,1.5,Low,20,0.04,0.06324555320336758,0.32,1.0,5,pilot,pending,,,NaN
96,0.745,1.5,Low,20,0.04,0.06324555320336758,0.32,1.0,6,pilot,pending,,,NaN
97,0.745,1.5,Low,20,0.04,0.06324555320336758,0.32,1.0,7,pilot,pending,,,NaN
98,0.745,1.5,Low,20,0.04,0.06324555320336758,0.32,1.0,8,pilot,pending,,,NaN
99,0.745,1.5,Low,20,0.04,0.06324555320336758,0.32,1.0,9,pilot,pending,,,NaN
100,0.745,1.5,Low,20,0.04,0.06324555320336758,0.32,1.0,10,pilot,pending,,,NaN
101,0.745,1.5,Low,20,0.06,0.07745966692414834,0.32,1.0,1,pilot,pending,,,NaN
102,0.745,1.5,Low,20,0.06,0.07745966692414834,0.32,1.0,2,pilot,pending,,,NaN
103,0.745,1.5,Low,20,0.06,0.07745966692414834,0.32,1.0,3,pilot,pending,,,NaN
104,0.745,1.5,Low,20,0.06,0.07745966692414834,0.32,1.0,4,pilot,pending,,,NaN
105,0.745,1.5,Low,20,0.06,0.07745966692414834,0.32,1.0,5,pilot,pending,,,NaN
106,0.745,1.5,Low,20,0.06,0.07745966692414834,0.32,1.0,6,pilot,pending,,,NaN
107,0.745,1.5,Low,20,0.06,0.07745966692414834,0.32,1.0,7,pilot,pending,,,NaN
108,0.745,1.5,Low,20,0.06,0.07745966692414834,0.32,1.0,8,pilot,pending,,,NaN
109,0.745,1.5,Low,20,0.06,0.07745966692414834,0.32,1.0,9,pilot,pending,,,NaN
110,0.745,1.5,Low,20,0.06,0.07745966692414834,0.32,1.0,10,pilot,pending,,,NaN
111,0.745,1.5,Low,20,0.09,0.09486832980505137,0.32,1.0,1,pilot,pending,,,NaN
112,0.745,1.5,Low,20,0.09,0.09486832980505137,0.32,1.0,2,pilot,pending,,,NaN
113,0.745,1.5,Low,20,0.09,0.09486832980505137,0.32,1.0,3,pilot,pending,,,NaN
114,0.745,1.5,Low,20,0.09,0.09486832980505137,0.32,1.0,4,pilot,pending,,,NaN
115,0.745,1.5,Low,20,0.09,0.09486832980505137,0.32,1.0,5,pilot,pending,,,NaN
116,0.745,1.5,Low,20,0.09,0.09486832980505137,0.32,1.0,6,pilot,pending,,,NaN
117,0.745,1.5,Low,20,0.09,0.09486832980505137,0.32,1.0,7,pilot,pending,,,NaN
118,0.745,1.5,Low,20,0.09,0.09486832980505137,0.32,1.0,8,pilot,pending,,,NaN
119,0.745,1.5,Low,20,0.09,0.09486832980505137,0.32,1.0,9,pilot,pending,,,NaN
120,0.745,1.5,Low,20,0.09,0.09486832980505137,0.32,1.0,10,pilot,pending,,,NaN
121,0.745,1.5,Low,40,0.04,0.044721359549995794,0.32,1.0,1,pilot,pending,,,NaN
122,0.745,1.5,Low,40,0.04,0.044721359549995794,0.32,1.0,2,pilot,pending,,,NaN
123,0.745,1.5,Low,40,0.04,0.044721359549995794,0.32,1.0,3,pilot,pending,,,NaN
124,0.745,1.5,Low,40,0.04,0.044721359549995794,0.32,1.0,4,pilot,pending,,,NaN
125,0.745,1.5,Low,40,0.04,0.044721359549995794,0.32,1.0,5,pilot,pending,,,NaN
126,0.745,1.5,Low,40,0.04,0.044721359549995794,0.32,1.0,6,pilot,pending,,,NaN
127,0.745,1.5,Low,40,0.04,0.044721359549995794,0.32,1.0,7,pilot,pending,,,NaN
128,0.745,1.5,Low,40,0.04,0.044721359549995794,0.32,1.0,8,pilot,pending,,,NaN
129,0.745,1.5,Low,40,0.04,0.044721359549995794,0.32,1.0,9,pilot,pending,,,NaN
130,0.745,1.5,Low,40,0.04,0.044721359549995794,0.32,1.0,10,pilot,pending,,,NaN
131,0.745,1.5,Low,40,0.06,0.05477225575051661,0.32,1.0,1,pilot,pending,,,NaN
132,0.745,1.5,Low,40,0.06,0.05477225575051661,0.32,1.0,2,pilot,pending,,,NaN
133,0.745,1.5,Low,40,0.06,0.05477225575051661,0.32,1.0,3,pilot,pending,,,NaN
134,0.745,1.5,Low,40,0.06,0.05477225575051661,0.32,1.0,4,pilot,pending,,,NaN
135,0.745,1.5,Low,40,0.06,0.05477225575051661,0.32,1.0,5,pilot,pending,,,NaN
136,0.745,1.5,Low,40,0.06,0.05477225575051661,0.32,1.0,6,pilot,pending,,,NaN
137,0.745,1.5,Low,40,0.06,0.05477225575051661,0.32,1.0,7,pilot,pending,,,NaN
138,0.745,1.5,Low,40,0.06,0.05477225575051661,0.32,1.0,8,pilot,pending,,,NaN
139,0.745,1.5,Low,40,0.06,0.05477225575051661,0.32,1.0,9,pilot,pending,,,NaN
140,0.745,1.5,Low,40,0.06,0.05477225575051661,0.32,1.0,10,pilot,pending,,,NaN
141,0.745,1.5,Low,40,0.09,0.0670820393249937,0.32,1.0,1,pilot,pending,,,NaN
142,0.745,1.5,Low,40,0.09,0.0670820393249937,0.32,1.0,2,pilot,pending,,,NaN
143,0.745,1.5,Low,40,0.09,0.0670820393249937,0.32,1.0,3,pilot,pending,,,NaN
144,0.745,1.5,Low,40,0.09,0.0670820393249937,0.32,1.0,4,pilot,pending,,,NaN
145,0.745,1.5,Low,40,0.09,0.0670820393249937,0.32,1.0,5,pilot,pending,,,NaN
146,0.745,1.5,Low,40,0.09,0.0670820393249937,0.32,1.0,6,pilot,pending,,,NaN
147,0.745,1.5,Low,40,0.09,0.0670820393249937,0.32,1.0,7,pilot,pending,,,NaN
148,0.745,1.5,Low,40,0.09,0.0670820393249937,0.32,1.0,8,pilot,pending,,,NaN
149,0.745,1.5,Low,40,0.09,0.0670820393249937,0.32,1.0,9,pilot,pending,,,NaN
150,0.745,1.5,Low,40,0.09,0.0670820393249937,0.32,1.0,10,pilot,pending,,,NaN
151,0.745,1.5,Low,80,0.04,0.03162277660168379,0.32,1.0,1,pilot,pending,,,NaN
152,0.745,1.5,Low,80,0.04,0.03162277660168379,0.32,1.0,2,pilot,pending,,,NaN
153,0.745,1.5,Low,80,0.04,0.03162277660168379,0.32,1.0,3,pilot,pending,,,NaN
154,0.745,1.5,Low,80,0.04,0.03162277660168379,0.32,1.0,4,pilot,pending,,,NaN
155,0.745,1.5,Low,80,0.04,0.03162277660168379,0.32,1.0,5,pilot,pending,,,NaN
156,0.745,1.5,Low,80,0.04,0.03162277660168379,0.32,1.0,6,pilot,pending,,,NaN
157,0.745,1.5,Low,80,0.04,0.03162277660168379,0.32,1.0,7,pilot,pending,,,NaN
158,0.745,1.5,Low,80,0.04,0.03162277660168379,0.32,1.0,8,pilot,pending,,,NaN
159,0.745,1.5,Low,80,0.04,0.03162277660168379,0.32,1.0,9,pilot,pending,,,NaN
160,0.745,1.5,Low,80,0.04,0.03162277660168379,0.32,1.0,10,pilot,pending,,,NaN
161,0.745,1.5,Low,80,0.06,0.03872983346207417,0.32,1.0,1,pilot,pending,,,NaN
162,0.745,1.5,Low,80,0.06,0.03872983346207417,0.32,1.0,2,pilot,pending,,,NaN
163,0.745,1.5,Low,80,0.06,0.03872983346207417,0.32,1.0,3,pilot,pending,,,NaN
164,0.745,1.5,Low,80,0.06,0.03872983346207417,0.32,1.0,4,pilot,pending,,,NaN
165,0.745,1.5,Low,80,0.06,0.03872983346207417,0.32,1.0,5,pilot,pending,,,NaN
166,0.745,1.5,Low,80,0.06,0.03872983346207417,0.32,1.0,6,pilot,pending,,,NaN
167,0.745,1.5,Low,80,0.06,0.03872983346207417,0.32,1.0,7,pilot,pending,,,NaN
168,0.745,1.5,Low,80,0.06,0.03872983346207417,0.32,1.0,8,pilot,pending,,,NaN
169,0.745,1.5,Low,80,0.06,0.03872983346207417,0.32,1.0,9,pilot,pending,,,NaN
170,0.745,1.5,Low,80,0.06,0.03872983346207417,0.32,1.0,10,pilot,pending,,,NaN
171,0.745,1.5,Low,80,0.09,0.04743416490252569,0.32,1.0,1,pilot,pending,,,NaN
172,0.745,1.5,Low,80,0.09,0.04743416490252569,0.32,1.0,2,pilot,pending,,,NaN
173,0.745,1.5,Low,80,0.09,0.04743416490252569,0.32,1.0,3,pilot,pending,,,NaN
174,0.745,1.5,Low,80,0.09,0.04743416490252569,0.32,1.0,4,pilot,pending,,,NaN
175,0.745,1.5,Low,80,0.09,0.04743416490252569,0.32,1.0,5,pilot,pending,,,NaN
176,0.745,1.5,Low,80,0.09,0.04743416490252569,0.32,1.0,6,pilot,pending,,,NaN
177,0.745,1.5,Low,80,0.09,0.04743416490252569,0.32,1.0,7,pilot,pending,,,NaN
178,0.745,1.5,Low,80,0.09,0.04743416490252569,0.32,1.0,8,pilot,pending,,,NaN
179,0.745,1.5,Low,80,0.09,0.04743416490252569,0.32,1.0,9,pilot,pending,,,NaN
180,0.745,1.5,Low,80,0.09,0.04743416490252569,0.32,1.0,10,pilot,pending,,,NaN
181,0.866,2.0,Moderate,20,0.04,0.06324555320336758,0.32,1.0,1,pilot,pending,,,NaN
182,0.866,2.0,Moderate,20,0.04,0.06324555320336758,0.32,1.0,2,pilot,pending,,,NaN
183,0.866,2.0,Moderate,20,0.04,0.06324555320336758,0.32,1.0,3,pilot,pending,,,NaN
184,0.866,2.0,Moderate,20,0.04,0.06324555320336758,0.32,1.0,4,pilot,pending,,,NaN
185,0.866,2.0,Moderate,20,0.04,0.06324555320336758,0.32,1.0,5,pilot,pending,,,NaN
186,0.866,2.0,Moderate,20,0.04,0.06324555320336758,0.32,1.0,6,pilot,pending,,,NaN
187,0.866,2.0,Moderate,20,0.04,0.06324555320336758,0.32,1.0,7,pilot,pending,,,NaN
188,0.866,2.0,Moderate,20,0.04,0.06324555320336758,0.32,1.0,8,pilot,pending,,,NaN
189,0.866,2.0,Moderate,20,0.04,0.06324555320336758,0.32,1.0,9,pilot,pending,,,NaN
190,0.866,2.0,Moderate,20,0.04,0.06324555320336758,0.32,1.0,10,pilot,pending,,,NaN
191,0.866,2.0,Moderate,20,0.06,0.07745966692414834,0.32,1.0,1,pilot,pending,,,NaN
192,0.866,2.0,Moderate,20,0.06,0.07745966692414834,0.32,1.0,2,pilot,pending,,,NaN
193,0.866,2.0,Moderate,20,0.06,0.07745966692414834,0.32,1.0,3,pilot,pending,,,NaN
194,0.866,2.0,Moderate,20,0.06,0.07745966692414834,0.32,1.0,4,pilot,pending,,,NaN
195,0.866,2.0,Moderate,20,0.06,0.07745966692414834,0.32,1.0,5,pilot,pending,,,NaN
196,0.866,2.0,Moderate,20,0.06,0.07745966692414834,0.32,1.0,6,pilot,pending,,,NaN
197,0.866,2.0,Moderate,20,0.06,0.07745966692414834,0.32,1.0,7,pilot,pending,,,NaN
198,0.866,2.0,Moderate,20,0.06,0.07745966692414834,0.32,1.0,8,pilot,pending,,,NaN
199,0.866,2.0,Moderate,20,0.06,0.07745966692414834,0.32,1.0,9,pilot,pending,,,NaN
200,0.866,2.0,Moderate,20,0.06,0.07745966692414834,0.32,1.0,10,pilot,pending,,,NaN
201,0.866,2.0,Moderate,20,0.09,0.09486832980505137,0.32,1.0,1,pilot,pending,,,NaN
202,0.866,2.0,Moderate,20,0.09,0.09486832980505137,0.32,1.0,2,pilot,pending,,,NaN
203,0.866,2.0,Moderate,20,0.09,0.09486832980505137,0.32,1.0,3,pilot,pending,,,NaN
204,0.866,2.0,Moderate,20,0.09,0.09486832980505137,0.32,1.0,4,pilot,pending,,,NaN
205,0.866,2.0,Moderate,20,0.09,0.09486832980505137,0.32,1.0,5,pilot,pending,,,NaN
206,0.866,2.0,Moderate,20,0.09,0.09486832980505137,0.32,1.0,6,pilot,pending,,,NaN
207,0.866,2.0,Moderate,20,0.09,0.09486832980505137,0.32,1.0,7,pilot,pending,,,NaN
208,0.866,2.0,Moderate,20,0.09,0.09486832980505137,0.32,1.0,8,pilot,pending,,,NaN
209,0.866,2.0,Moderate,20,0.09,0.09486832980505137,0.32,1.0,9,pilot,pending,,,NaN
210,0.866,2.0,Moderate,20,0.09,0.09486832980505137,0.32,1.0,10,pilot,pending,,,NaN
211,0.866,2.0,Moderate,40,0.04,0.044721359549995794,0.32,1.0,1,pilot,pending,,,NaN
212,0.866,2.0,Moderate,40,0.04,0.044721359549995794,0.32,1.0,2,pilot,pending,,,NaN
213,0.866,2.0,Moderate,40,0.04,0.044721359549995794,0.32,1.0,3,pilot,pending,,,NaN
214,0.866,2.0,Moderate,40,0.04,0.044721359549995794,0.32,1.0,4,pilot,pending,,,NaN
215,0.866,2.0,Moderate,40,0.04,0.044721359549995794,0.32,1.0,5,pilot,pending,,,NaN
216,0.866,2.0,Moderate,40,0.04,0.044721359549995794,0.32,1.0,6,pilot,pending,,,NaN
217,0.866,2.0,Moderate,40,0.04,0.044721359549995794,0.32,1.0,7,pilot,pending,,,NaN
218,0.866,2.0,Moderate,40,0.04,0.044721359549995794,0.32,1.0,8,pilot,pending,,,NaN
219,0.866,2.0,Moderate,40,0.04,0.044721359549995794,0.32,1.0,9,pilot,pending,,,NaN
220,0.866,2.0,Moderate,40,0.04,0.044721359549995794,0.32,1.0,10,pilot,pending,,,NaN
221,0.866,2.0,Moderate,40,0.06,0.05477225575051661,0.32,1.0,1,pilot,pending,,,NaN
222,0.866,2.0,Moderate,40,0.06,0.05477225575051661,0.32,1.0,2,pilot,pending,,,NaN
223,0.866,2.0,Moderate,40,0.06,0.05477225575051661,0.32,1.0,3,pilot,pending,,,NaN
224,0.866,2.0,Moderate,40,0.06,0.05477225575051661,0.32,1.0,4,pilot,pending,,,NaN
225,0.866,2.0,Moderate,40,0.06,0.05477225575051661,0.32,1.0,5,pilot,pending,,,NaN
226,0.866,2.0,Moderate,40,0.06,0.05477225575051661,0.32,1.0,6,pilot,pending,,,NaN
227,0.866,2.0,Moderate,40,0.06,0.05477225575051661,0.32,1.0,7,pilot,pending,,,NaN
228,0.866,2.0,Moderate,40,0.06,0.05477225575051661,0.32,1.0,8,pilot,pending,,,NaN
229,0.866,2.0,Moderate,40,0.06,0.05477225575051661,0.32,1.0,9,pilot,pending,,,NaN
230,0.866,2.0,Moderate,40,0.06,0.05477225575051661,0.32,1.0,10,pilot,pending,,,NaN
231,0.866,2.0,Moderate,40,0.09,0.0670820393249937,0.32,1.0,1,pilot,pending,,,NaN
232,0.866,2.0,Moderate,40,0.09,0.0670820393249937,0.32,1.0,2,pilot,pending,,,NaN
233,0.866,2.0,Moderate,40,0.09,0.0670820393249937,0.32,1.0,3,pilot,pending,,,NaN
234,0.866,2.0,Moderate,40,0.09,0.0670820393249937,0.32,1.0,4,pilot,pending,,,NaN
235,0.866,2.0,Moderate,40,0.09,0.0670820393249937,0.32,1.0,5,pilot,pending,,,NaN
236,0.866,2.0,Moderate,40,0.09,0.0670820393249937,0.32,1.0,6,pilot,pending,,,NaN
237,0.866,2.0,Moderate,40,0.09,0.0670820393249937,0.32,1.0,7,pilot,pending,,,NaN
238,0.866,2.0,Moderate,40,0.09,0.0670820393249937,0.32,1.0,8,pilot,pending,,,NaN
239,0.866,2.0,Moderate,40,0.09,0.0670820393249937,0.32,1.0,9,pilot,pending,,,NaN
240,0.866,2.0,Moderate,40,0.09,0.0670820393249937,0.32,1.0,10,pilot,pending,,,NaN
241,0.866,2.0,Moderate,80,0.04,0.03162277660168379,0.32,1.0,1,pilot,pending,,,NaN
242,0.866,2.0,Moderate,80,0.04,0.03162277660168379,0.32,1.0,2,pilot,pending,,,NaN
243,0.866,2.0,Moderate,80,0.04,0.03162277660168379,0.32,1.0,3,pilot,pending,,,NaN
244,0.866,2.0,Moderate,80,0.04,0.03162277660168379,0.32,1.0,4,pilot,pending,,,NaN
245,0.866,2.0,Moderate,80,0.04,0.03162277660168379,0.32,1.0,5,pilot,pending,,,NaN
246,0.866,2.0,Moderate,80,0.04,0.03162277660168379,0.32,1.0,6,pilot,pending,,,NaN
247,0.866,2.0,Moderate,80,0.04,0.03162277660168379,0.32,1.0,7,pilot,pending,,,NaN
248,0.866,2.0,Moderate,80,0.04,0.03162277660168379,0.32,1.0,8,pilot,pending,,,NaN
249,0.866,2.0,Moderate,80,0.04,0.03162277660168379,0.32,1.0,9,pilot,pending,,,NaN
250,0.866,2.0,Moderate,80,0.04,0.03162277660168379,0.32,1.0,10,pilot,pending,,,NaN
251,0.866,2.0,Moderate,80,0.06,0.03872983346207417,0.32,1.0,1,pilot,pending,,,NaN
252,0.866,2.0,Moderate,80,0.06,0.03872983346207417,0.32,1.0,2,pilot,pending,,,NaN
253,0.866,2.0,Moderate,80,0.06,0.03872983346207417,0.32,1.0,3,pilot,pending,,,NaN
254,0.866,2.0,Moderate,80,0.06,0.03872983346207417,0.32,1.0,4,pilot,pending,,,NaN
255,0.866,2.0,Moderate,80,0.06,0.03872983346207417,0.32,1.0,5,pilot,pending,,,NaN
256,0.866,2.0,Moderate,80,0.06,0.03872983346207417,0.32,1.0,6,pilot,pending,,,NaN
257,0.866,2.0,Moderate,80,0.06,0.03872983346207417,0.32,1.0,7,pilot,pending,,,NaN
258,0.866,2.0,Moderate,80,0.06,0.03872983346207417,0.32,1.0,8,pilot,pending,,,NaN
259,0.866,2.0,Moderate,80,0.06,0.03872983346207417,0.32,1.0,9,pilot,pending,,,NaN
260,0.866,2.0,Moderate,80,0.06,0.03872983346207417,0.32,1.0,10,pilot,pending,,,NaN
261,0.866,2.0,Moderate,80,0.09,0.04743416490252569,0.32,1.0,1,pilot,pending,,,NaN
262,0.866,2.0,Moderate,80,0.09,0.04743416490252569,0.32,1.0,2,pilot,pending,,,NaN
263,0.866,2.0,Moderate,80,0.09,0.04743416490252569,0.32,1.0,3,pilot,pending,,,NaN
264,0.866,2.0,Moderate,80,0.09,0.04743416490252569,0.32,1.0,4,pilot,pending,,,NaN
265,0.866,2.0,Moderate,80,0.09,0.04743416490252569,0.32,1.0,5,pilot,pending,,,NaN
266,0.866,2.0,Moderate,80,0.09,0.04743416490252569,0.32,1.0,6,pilot,pending,,,NaN
267,0.866,2.0,Moderate,80,0.09,0.04743416490252569,0.32,1.0,7,pilot,pending,,,NaN
268,0.866,2.0,Moderate,80,0.09,0.04743416490252569,0.32,1.0,8,pilot,pending,,,NaN
269,0.866,2.0,Moderate,80,0.09,0.04743416490252569,0.32,1.0,9,pilot,pending,,,NaN
270,0.866,2.0,Moderate,80,0.09,0.04743416490252569,0.32,1.0,10,pilot,pending,,,NaN
271,0.943,3.0,High,20,0.04,0.06324555320336758,0.32,1.0,1,pilot,pending,,,NaN
272,0.943,3.0,High,20,0.04,0.06324555320336758,0.32,1.0,2,pilot,pending,,,NaN
273,0.943,3.0,High,20,0.04,0.06324555320336758,0.32,1.0,3,pilot,pending,,,NaN
274,0.943,3.0,High,20,0.04,0.06324555320336758,0.32,1.0,4,pilot,pending,,,NaN
275,0.943,3.0,High,20,0.04,0.06324555320336758,0.32,1.0,5,pilot,pending,,,NaN
276,0.943,3.0,High,20,0.04,0.06324555320336758,0.32,1.0,6,pilot,pending,,,NaN
277,0.943,3.0,High,20,0.04,0.06324555320336758,0.32,1.0,7,pilot,pending,,,NaN
278,0.943,3.0,High,20,0.04,0.06324555320336758,0.32,1.0,8,pilot,pending,,,NaN
279,0.943,3.0,High,20,0.04,0.06324555320336758,0.32,1.0,9,pilot,pending,,,NaN
280,0.943,3.0,High,20,0.04,0.06324555320336758,0.32,1.0,10,pilot,pending,,,NaN
281,0.943,3.0,High,20,0.06,0.07745966692414834,0.32,1.0,1,pilot,pending,,,NaN
282,0.943,3.0,High,20,0.06,0.07745966692414834,0.32,1.0,2,pilot,pending,,,NaN
283,0.943,3.0,High,20,0.06,0.07745966692414834,0.32,1.0,3,pilot,pending,,,NaN
284,0.943,3.0,High,20,0.06,0.07745966692414834,0.32,1.0,4,pilot,pending,,,NaN
285,0.943,3.0,High,20,0.06,0.07745966692414834,0.32,1.0,5,pilot,pending,,,NaN
286,0.943,3.0,High,20,0.06,0.07745966692414834,0.32,1.0,6,pilot,pending,,,NaN
287,0.943,3.0,High,20,0.06,0.07745966692414834,0.32,1.0,7,pilot,pending,,,NaN
288,0.943,3.0,High,20,0.06,0.07745966692414834,0.32,1.0,8,pilot,pending,,,NaN
289,0.943,3.0,High,20,0.06,0.07745966692414834,0.32,1.0,9,pilot,pending,,,NaN
290,0.943,3.0,High,20,0.06,0.07745966692414834,0.32,1.0,10,pilot,pending,,,NaN
291,0.943,3.0,High,20,0.09,0.09486832980505137,0.32,1.0,1,pilot,pending,,,NaN
292,0.943,3.0,High,20,0.09,0.09486832980505137,0.32,1.0,2,pilot,pending,,,NaN
293,0.943,3.0,High,20,0.09,0.09486832980505137,0.32,1.0,3,pilot,pending,,,NaN
294,0.943,3.0,High,20,0.09,0.09486832980505137,0.32,1.0,4,pilot,pending,,,NaN
295,0.943,3.0,High,20,0.09,0.09486832980505137,0.32,1.0,5,pilot,pending,,,NaN
296,0.943,3.0,High,20,0.09,0.09486832980505137,0.32,1.0,6,pilot,pending,,,NaN
297,0.943,3.0,High,20,0.09,0.09486832980505137,0.32,1.0,7,pilot,pending,,,NaN
298,0.943,3.0,High,20,0.09,0.09486832980505137,0.32,1.0,8,pilot,pending,,,NaN
299,0.943,3.0,High,20,0.09,0.09486832980505137,0.32,1.0,9,pilot,pending,,,NaN
300,0.943,3.0,High,20,0.09,0.09486832980505137,0.32,1.0,10,pilot,pending,,,NaN
301,0.943,3.0,High,40,0.04,0.044721359549995794,0.32,1.0,1,pilot,pending,,,NaN
302,0.943,3.0,High,40,0.04,0.044721359549995794,0.32,1.0,2,pilot,pending,,,NaN
303,0.943,3.0,High,40,0.04,0.044721359549995794,0.32,1.0,3,pilot,pending,,,NaN
304,0.943,3.0,High,40,0.04,0.044721359549995794,0.32,1.0,4,pilot,pending,,,NaN
305,0.943,3.0,High,40,0.04,0.044721359549995794,0.32,1.0,5,pilot,pending,,,NaN
306,0.943,3.0,High,40,0.04,0.044721359549995794,0.32,1.0,6,pilot,pending,,,NaN
307,0.943,3.0,High,40,0.04,0.044721359549995794,0.32,1.0,7,pilot,pending,,,NaN
308,0.943,3.0,High,40,0.04,0.044721359549995794,0.32,1.0,8,pilot,pending,,,NaN
309,0.943,3.0,High,40,0.04,0.044721359549995794,0.32,1.0,9,pilot,pending,,,NaN
310,0.943,3.0,High,40,0.04,0.044721359549995794,0.32,1.0,10,pilot,pending,,,NaN
311,0.943,3.0,High,40,0.06,0.05477225575051661,0.32,1.0,1,pilot,pending,,,NaN
312,0.943,3.0,High,40,0.06,0.05477225575051661,0.32,1.0,2,pilot,pending,,,NaN
313,0.943,3.0,High,40,0.06,0.05477225575051661,0.32,1.0,3,pilot,pending,,,NaN
314,0.943,3.0,High,40,0.06,0.05477225575051661,0.32,1.0,4,pilot,pending,,,NaN
315,0.943,3.0,High,40,0.06,0.05477225575051661,0.32,1.0,5,pilot,pending,,,NaN
316,0.943,3.0,High,40,0.06,0.05477225575051661,0.32,1.0,6,pilot,pending,,,NaN
317,0.943,3.0,High,40,0.06,0.05477225575051661,0.32,1.0,7,pilot,pending,,,NaN
318,0.943,3.0,High,40,0.06,0.05477225575051661,0.32,1.0,8,pilot,pending,,,NaN
319,0.943,3.0,High,40,0.06,0.05477225575051661,0.32,1.0,9,pilot,pending,,,NaN
320,0.943,3.0,High,40,0.06,0.05477225575051661,0.32,1.0,10,pilot,pending,,,NaN
321,0.943,3.0,High,40,0.09,0.0670820393249937,0.32,1.0,1,pilot,pending,,,NaN
322,0.943,3.0,High,40,0.09,0.0670820393249937,0.32,1.0,2,pilot,pending,,,NaN
323,0.943,3.0,High,40,0.09,0.0670820393249937,0.32,1.0,3,pilot,pending,,,NaN
324,0.943,3.0,High,40,0.09,0.0670820393249937,0.32,1.0,4,pilot,pending,,,NaN
325,0.943,3.0,High,40,0.09,0.0670820393249937,0.32,1.0,5,pilot,pending,,,NaN
326,0.943,3.0,High,40,0.09,0.0670820393249937,0.32,1.0,6,pilot,pending,,,NaN
327,0.943,3.0,High,40,0.09,0.0670820393249937,0.32,1.0,7,pilot,pending,,,NaN
328,0.943,3.0,High,40,0.09,0.0670820393249937,0.32,1.0,8,pilot,pending,,,NaN
329,0.943,3.0,High,40,0.09,0.0670820393249937,0.32,1.0,9,pilot,pending,,,NaN
330,0.943,3.0,High,40,0.09,0.0670820393249937,0.32,1.0,10,pilot,pending,,,NaN
331,0.943,3.0,High,80,0.04,0.03162277660168379,0.32,1.0,1,pilot,pending,,,NaN
332,0.943,3.0,High,80,0.04,0.03162277660168379,0.32,1.0,2,pilot,pending,,,NaN
333,0.943,3.0,High,80,0.04,0.03162277660168379,0.32,1.0,3,pilot,pending,,,NaN
334,0.943,3.0,High,80,0.04,0.03162277660168379,0.32,1.0,4,pilot,pending,,,NaN
335,0.943,3.0,High,80,0.04,0.03162277660168379,0.32,1.0,5,pilot,pending,,,NaN
336,0.943,3.0,High,80,0.04,0.03162277660168379,0.32,1.0,6,pilot,pending,,,NaN
337,0.943,3.0,High,80,0.04,0.03162277660168379,0.32,1.0,7,pilot,pending,,,NaN
338,0.943,3.0,High,80,0.04,0.03162277660168379,0.32,1.0,8,pilot,pending,,,NaN
339,0.943,3.0,High,80,0.04,0.03162277660168379,0.32,1.0,9,pilot,pending,,,NaN
340,0.943,3.0,High,80,0.04,0.03162277660168379,0.32,1.0,10,pilot,pending,,,NaN
341,0.943,3.0,High,80,0.06,0.03872983346207417,0.32,1.0,1,pilot,pending,,,NaN
342,0.943,3.0,High,80,0.06,0.03872983346207417,0.32,1.0,2,pilot,pending,,,NaN
343,0.943,3.0,High,80,0.06,0.03872983346207417,0.32,1.0,3,pilot,pending,,,NaN
344,0.943,3.0,High,80,0.06,0.03872983346207417,0.32,1.0,4,pilot,pending,,,NaN
345,0.943,3.0,High,80,0.06,0.03872983346207417,0.32,1.0,5,pilot,pending,,,NaN
346,0.943,3.0,High,80,0.06,0.03872983346207417,0.32,1.0,6,pilot,pending,,,NaN
347,0.943,3.0,High,80,0.06,0.03872983346207417,0.32,1.0,7,pilot,pending,,,NaN
348,0.943,3.0,High,80,0.06,0.03872983346207417,0.32,1.0,8,pilot,pending,,,NaN
349,0.943,3.0,High,80,0.06,0.03872983346207417,0.32,1.0,9,pilot,pending,,,NaN
350,0.943,3.0,High,80,0.06,0.03872983346207417,0.32,1.0,10,pilot,pending,,,NaN
351,0.943,3.0,High,80,0.09,0.04743416490252569,0.32,1.0,1,pilot,pending,,,NaN
352,0.943,3.0,High,80,0.09,0.04743416490252569,0.32,1.0,2,pilot,pending,,,NaN
353,0.943,3.0,High,80,0.09,0.04743416490252569,0.32,1.0,3,pilot,pending,,,NaN
354,0.943,3.0,High,80,0.09,0.04743416490252569,0.32,1.0,4,pilot,pending,,,NaN
355,0.943,3.0,High,80,0.09,0.04743416490252569,0.32,1.0,5,pilot,pending,,,NaN
356,0.943,3.0,High,80,0.09,0.04743416490252569,0.32,1.0,6,pilot,pending,,,NaN
357,0.943,3.0,High,80,0.09,0.04743416490252569,0.32,1.0,7,pilot,pending,,,NaN
358,0.943,3.0,High,80,0.09,0.04743416490252569,0.32,1.0,8,pilot,pending,,,NaN
359,0.943,3.0,High,80,0.09,0.04743416490252569,0.32,1.0,9,pilot,pending,,,NaN
360,0.943,3.0,High,80,0.09,0.04743416490252569,0.32,1.0,10,pilot,pending,,,NaN
361,0.968,4.0,VeryHigh,20,0.04,0.06324555320336758,0.32,1.0,1,pilot,pending,,,NaN
362,0.968,4.0,VeryHigh,20,0.04,0.06324555320336758,0.32,1.0,2,pilot,pending,,,NaN
363,0.968,4.0,VeryHigh,20,0.04,0.06324555320336758,0.32,1.0,3,pilot,pending,,,NaN
364,0.968,4.0,VeryHigh,20,0.04,0.06324555320336758,0.32,1.0,4,pilot,pending,,,NaN
365,0.968,4.0,VeryHigh,20,0.04,0.06324555320336758,0.32,1.0,5,pilot,pending,,,NaN
366,0.968,4.0,VeryHigh,20,0.04,0.06324555320336758,0.32,1.0,6,pilot,pending,,,NaN
367,0.968,4.0,VeryHigh,20,0.04,0.06324555320336758,0.32,1.0,7,pilot,pending,,,NaN
368,0.968,4.0,VeryHigh,20,0.04,0.06324555320336758,0.32,1.0,8,pilot,pending,,,NaN
369,0.968,4.0,VeryHigh,20,0.04,0.06324555320336758,0.32,1.0,9,pilot,pending,,,NaN
370,0.968,4.0,VeryHigh,20,0.04,0.06324555320336758,0.32,1.0,10,pilot,pending,,,NaN
371,0.968,4.0,VeryHigh,20,0.06,0.07745966692414834,0.32,1.0,1,pilot,pending,,,NaN
372,0.968,4.0,VeryHigh,20,0.06,0.07745966692414834,0.32,1.0,2,pilot,pending,,,NaN
373,0.968,4.0,VeryHigh,20,0.06,0.07745966692414834,0.32,1.0,3,pilot,pending,,,NaN
374,0.968,4.0,VeryHigh,20,0.06,0.07745966692414834,0.32,1.0,4,pilot,pending,,,NaN
375,0.968,4.0,VeryHigh,20,0.06,0.07745966692414834,0.32,1.0,5,pilot,pending,,,NaN
376,0.968,4.0,VeryHigh,20,0.06,0.07745966692414834,0.32,1.0,6,pilot,pending,,,NaN
377,0.968,4.0,VeryHigh,20,0.06,0.07745966692414834,0.32,1.0,7,pilot,pending,,,NaN
378,0.968,4.0,VeryHigh,20,0.06,0.07745966692414834,0.32,1.0,8,pilot,pending,,,NaN
379,0.968,4.0,VeryHigh,20,0.06,0.07745966692414834,0.32,1.0,9,pilot,pending,,,NaN
380,0.968,4.0,VeryHigh,20,0.06,0.07745966692414834,0.32,1.0,10,pilot,pending,,,NaN
381,0.968,4.0,VeryHigh,20,0.09,0.09486832980505137,0.32,1.0,1,pilot,pending,,,NaN
382,0.968,4.0,VeryHigh,20,0.09,0.09486832980505137,0.32,1.0,2,pilot,pending,,,NaN
383,0.968,4.0,VeryHigh,20,0.09,0.09486832980505137,0.32,1.0,3,pilot,pending,,,NaN
384,0.968,4.0,VeryHigh,20,0.09,0.09486832980505137,0.32,1.0,4,pilot,pending,,,NaN
385,0.968,4.0,VeryHigh,20,0.09,0.09486832980505137,0.32,1.0,5,pilot,pending,,,NaN
386,0.968,4.0,VeryHigh,20,0.09,0.09486832980505137,0.32,1.0,6,pilot,pending,,,NaN
387,0.968,4.0,VeryHigh,20,0.09,0.09486832980505137,0.32,1.0,7,pilot,pending,,,NaN
388,0.968,4.0,VeryHigh,20,0.09,0.09486832980505137,0.32,1.0,8,pilot,pending,,,NaN
389,0.968,4.0,VeryHigh,20,0.09,0.09486832980505137,0.32,1.0,9,pilot,pending,,,NaN
390,0.968,4.0,VeryHigh,20,0.09,0.09486832980505137,0.32,1.0,10,pilot,pending,,,NaN
391,0.968,4.0,VeryHigh,40,0.04,0.044721359549995794,0.32,1.0,1,pilot,pending,,,NaN
392,0.968,4.0,VeryHigh,40,0.04,0.044721359549995794,0.32,1.0,2,pilot,pending,,,NaN
393,0.968,4.0,VeryHigh,40,0.04,0.044721359549995794,0.32,1.0,3,pilot,pending,,,NaN
394,0.968,4.0,VeryHigh,40,0.04,0.044721359549995794,0.32,1.0,4,pilot,pending,,,NaN
395,0.968,4.0,VeryHigh,40,0.04,0.044721359549995794,0.32,1.0,5,pilot,pending,,,NaN
396,0.968,4.0,VeryHigh,40,0.04,0.044721359549995794,0.32,1.0,6,pilot,pending,,,NaN
397,0.968,4.0,VeryHigh,40,0.04,0.044721359549995794,0.32,1.0,7,pilot,pending,,,NaN
398,0.968,4.0,VeryHigh,40,0.04,0.044721359549995794,0.32,1.0,8,pilot,pending,,,NaN
399,0.968,4.0,VeryHigh,40,0.04,0.044721359549995794,0.32,1.0,9,pilot,pending,,,NaN
400,0.968,4.0,VeryHigh,40,0.04,0.044721359549995794,0.32,1.0,10,pilot,pending,,,NaN
401,0.968,4.0,VeryHigh,40,0.06,0.05477225575051661,0.32,1.0,1,pilot,pending,,,NaN
402,0.968,4.0,VeryHigh,40,0.06,0.05477225575051661,0.32,1.0,2,pilot,pending,,,NaN
403,0.968,4.0,VeryHigh,40,0.06,0.05477225575051661,0.32,1.0,3,pilot,pending,,,NaN
404,0.968,4.0,VeryHigh,40,0.06,0.05477225575051661,0.32,1.0,4,pilot,pending,,,NaN
405,0.968,4.0,VeryHigh,40,0.06,0.05477225575051661,0.32,1.0,5,pilot,pending,,,NaN
406,0.968,4.0,VeryHigh,40,0.06,0.05477225575051661,0.32,1.0,6,pilot,pending,,,NaN
407,0.968,4.0,VeryHigh,40,0.06,0.05477225575051661,0.32,1.0,7,pilot,pending,,,NaN
408,0.968,4.0,VeryHigh,40,0.06,0.05477225575051661,0.32,1.0,8,pilot,pending,,,NaN
409,0.968,4.0,VeryHigh,40,0.06,0.05477225575051661,0.32,1.0,9,pilot,pending,,,NaN
410,0.968,4.0,VeryHigh,40,0.06,0.05477225575051661,0.32,1.0,10,pilot,pending,,,NaN
411,0.968,4.0,VeryHigh,40,0.09,0.0670820393249937,0.32,1.0,1,pilot,pending,,,NaN
412,0.968,4.0,VeryHigh,40,0.09,0.0670820393249937,0.32,1.0,2,pilot,pending,,,NaN
413,0.968,4.0,VeryHigh,40,0.09,0.0670820393249937,0.32,1.0,3,pilot,pending,,,NaN
414,0.968,4.0,VeryHigh,40,0.09,0.0670820393249937,0.32,1.0,4,pilot,pending,,,NaN
415,0.968,4.0,VeryHigh,40,0.09,0.0670820393249937,0.32,1.0,5,pilot,pending,,,NaN
416,0.968,4.0,VeryHigh,40,0.09,0.0670820393249937,0.32,1.0,6,pilot,pending,,,NaN
417,0.968,4.0,VeryHigh,40,0.09,0.0670820393249937,0.32,1.0,7,pilot,pending,,,NaN
418,0.968,4.0,VeryHigh,40,0.09,0.0670820393249937,0.32,1.0,8,pilot,pending,,,NaN
419,0.968,4.0,VeryHigh,40,0.09,0.0670820393249937,0.32,1.0,9,pilot,pending,,,NaN
420,0.968,4.0,VeryHigh,40,0.09,0.0670820393249937,0.32,1.0,10,pilot,pending,,,NaN
421,0.968,4.0,VeryHigh,80,0.04,0.03162277660168379,0.32,1.0,1,pilot,pending,,,NaN
422,0.968,4.0,VeryHigh,80,0.04,0.03162277660168379,0.32,1.0,2,pilot,pending,,,NaN
423,0.968,4.0,VeryHigh,80,0.04,0.03162277660168379,0.32,1.0,3,pilot,pending,,,NaN
424,0.968,4.0,VeryHigh,80,0.04,0.03162277660168379,0.32,1.0,4,pilot,pending,,,NaN
425,0.968,4.0,VeryHigh,80,0.04,0.03162277660168379,0.32,1.0,5,pilot,pending,,,NaN
426,0.968,4.0,VeryHigh,80,0.04,0.03162277660168379,0.32,1.0,6,pilot,pending,,,NaN
427,0.968,4.0,VeryHigh,80,0.04,0.03162277660168379,0.32,1.0,7,pilot,pending,,,NaN
428,0.968,4.0,VeryHigh,80,0.04,0.03162277660168379,0.32,1.0,8,pilot,pending,,,NaN
429,0.968,4.0,VeryHigh,80,0.04,0.03162277660168379,0.32,1.0,9,pilot,pending,,,NaN
430,0.968,4.0,VeryHigh,80,0.04,0.03162277660168379,0.32,1.0,10,pilot,pending,,,NaN
431,0.968,4.0,VeryHigh,80,0.06,0.03872983346207417,0.32,1.0,1,pilot,pending,,,NaN
432,0.968,4.0,VeryHigh,80,0.06,0.03872983346207417,0.32,1.0,2,pilot,pending,,,NaN
433,0.968,4.0,VeryHigh,80,0.06,0.03872983346207417,0.32,1.0,3,pilot,pending,,,NaN
434,0.968,4.0,VeryHigh,80,0.06,0.03872983346207417,0.32,1.0,4,pilot,pending,,,NaN
435,0.968,4.0,VeryHigh,80,0.06,0.03872983346207417,0.32,1.0,5,pilot,pending,,,NaN
436,0.968,4.0,VeryHigh,80,0.06,0.03872983346207417,0.32,1.0,6,pilot,pending,,,NaN
437,0.968,4.0,VeryHigh,80,0.06,0.03872983346207417,0.32,1.0,7,pilot,pending,,,NaN
438,0.968,4.0,VeryHigh,80,0.06,0.03872983346207417,0.32,1.0,8,pilot,pending,,,NaN
439,0.968,4.0,VeryHigh,80,0.06,0.03872983346207417,0.32,1.0,9,pilot,pending,,,NaN
440,0.968,4.0,VeryHigh,80,0.06,0.03872983346207417,0.32,1.0,10,pilot,pending,,,NaN
441,0.968,4.0,VeryHigh,80,0.09,0.04743416490252569,0.32,1.0,1,pilot,pending,,,NaN
442,0.968,4.0,VeryHigh,80,0.09,0.04743416490252569,0.32,1.0,2,pilot,pending,,,NaN
443,0.968,4.0,VeryHigh,80,0.09,0.04743416490252569,0.32,1.0,3,pilot,pending,,,NaN
444,0.968,4.0,VeryHigh,80,0.09,0.04743416490252569,0.32,1.0,4,pilot,pending,,,NaN
445,0.968,4.0,VeryHigh,80,0.09,0.04743416490252569,0.32,1.0,5,pilot,pending,,,NaN
446,0.968,4.0,VeryHigh,80,0.09,0.04743416490252569,0.32,1.0,6,pilot,pending,,,NaN
447,0.968,4.0,VeryHigh,80,0.09,0.04743416490252569,0.32,1.0,7,pilot,pending,,,NaN
448,0.968,4.0,VeryHigh,80,0.09,0.04743416490252569,0.32,1.0,8,pilot,pending,,,NaN
449,0.968,4.0,VeryHigh,80,0.09,0.04743416490252569,0.32,1.0,9,pilot,pending,,,NaN
450,0.968,4.0,VeryHigh,80,0.09,0.04743416490252569,0.32,1.0,10,pilot,pending,,,NaN
451,0.98,5.0,Extreme,20,0.04,0.06324555320336758,0.32,1.0,1,pilot,pending,,,NaN
452,0.98,5.0,Extreme,20,0.04,0.06324555320336758,0.32,1.0,2,pilot,pending,,,NaN
453,0.98,5.0,Extreme,20,0.04,0.06324555320336758,0.32,1.0,3,pilot,pending,,,NaN
454,0.98,5.0,Extreme,20,0.04,0.06324555320336758,0.32,1.0,4,pilot,pending,,,NaN
455,0.98,5.0,Extreme,20,0.04,0.06324555320336758,0.32,1.0,5,pilot,pending,,,NaN
456,0.98,5.0,Extreme,20,0.04,0.06324555320336758,0.32,1.0,6,pilot,pending,,,NaN
457,0.98,5.0,Extreme,20,0.04,0.06324555320336758,0.32,1.0,7,pilot,pending,,,NaN
458,0.98,5.0,Extreme,20,0.04,0.06324555320336758,0.32,1.0,8,pilot,pending,,,NaN
459,0.98,5.0,Extreme,20,0.04,0.06324555320336758,0.32,1.0,9,pilot,pending,,,NaN
460,0.98,5.0,Extreme,20,0.04,0.06324555320336758,0.32,1.0,10,pilot,pending,,,NaN
461,0.98,5.0,Extreme,20,0.06,0.07745966692414834,0.32,1.0,1,pilot,pending,,,NaN
462,0.98,5.0,Extreme,20,0.06,0.07745966692414834,0.32,1.0,2,pilot,pending,,,NaN
463,0.98,5.0,Extreme,20,0.06,0.07745966692414834,0.32,1.0,3,pilot,pending,,,NaN
464,0.98,5.0,Extreme,20,0.06,0.07745966692414834,0.32,1.0,4,pilot,pending,,,NaN
465,0.98,5.0,Extreme,20,0.06,0.07745966692414834,0.32,1.0,5,pilot,pending,,,NaN
466,0.98,5.0,Extreme,20,0.06,0.07745966692414834,0.32,1.0,6,pilot,pending,,,NaN
467,0.98,5.0,Extreme,20,0.06,0.07745966692414834,0.32,1.0,7,pilot,pending,,,NaN
468,0.98,5.0,Extreme,20,0.06,0.07745966692414834,0.32,1.0,8,pilot,pending,,,NaN
469,0.98,5.0,Extreme,20,0.06,0.07745966692414834,0.32,1.0,9,pilot,pending,,,NaN
470,0.98,5.0,Extreme,20,0.06,0.07745966692414834,0.32,1.0,10,pilot,pending,,,NaN
471,0.98,5.0,Extreme,20,0.09,0.09486832980505137,0.32,1.0,1,pilot,pending,,,NaN
472,0.98,5.0,Extreme,20,0.09,0.09486832980505137,0.32,1.0,2,pilot,pending,,,NaN
473,0.98,5.0,Extreme,20,0.09,0.09486832980505137,0.32,1.0,3,pilot,pending,,,NaN
474,0.98,5.0,Extreme,20,0.09,0.09486832980505137,0.32,1.0,4,pilot,pending,,,NaN
475,0.98,5.0,Extreme,20,0.09,0.09486832980505137,0.32,1.0,5,pilot,pending,,,NaN
476,0.98,5.0,Extreme,20,0.09,0.09486832980505137,0.32,1.0,6,pilot,pending,,,NaN
477,0.98,5.0,Extreme,20,0.09,0.09486832980505137,0.32,1.0,7,pilot,pending,,,NaN
478,0.98,5.0,Extreme,20,0.09,0.09486832980505137,0.32,1.0,8,pilot,pending,,,NaN
479,0.98,5.0,Extreme,20,0.09,0.09486832980505137,0.32,1.0,9,pilot,pending,,,NaN
480,0.98,5.0,Extreme,20,0.09,0.09486832980505137,0.32,1.0,10,pilot,pending,,,NaN
481,0.98,5.0,Extreme,40,0.04,0.044721359549995794,0.32,1.0,1,pilot,pending,,,NaN
482,0.98,5.0,Extreme,40,0.04,0.044721359549995794,0.32,1.0,2,pilot,pending,,,NaN
483,0.98,5.0,Extreme,40,0.04,0.044721359549995794,0.32,1.0,3,pilot,pending,,,NaN
484,0.98,5.0,Extreme,40,0.04,0.044721359549995794,0.32,1.0,4,pilot,pending,,,NaN
485,0.98,5.0,Extreme,40,0.04,0.044721359549995794,0.32,1.0,5,pilot,pending,,,NaN
486,0.98,5.0,Extreme,40,0.04,0.044721359549995794,0.32,1.0,6,pilot,pending,,,NaN
487,0.98,5.0,Extreme,40,0.04,0.044721359549995794,0.32,1.0,7,pilot,pending,,,NaN
488,0.98,5.0,Extreme,40,0.04,0.044721359549995794,0.32,1.0,8,pilot,pending,,,NaN
489,0.98,5.0,Extreme,40,0.04,0.044721359549995794,0.32,1.0,9,pilot,pending,,,NaN
490,0.98,5.0,Extreme,40,0.04,0.044721359549995794,0.32,1.0,10,pilot,pending,,,NaN
491,0.98,5.0,Extreme,40,0.06,0.05477225575051661,0.32,1.0,1,pilot,pending,,,NaN
492,0.98,5.0,Extreme,40,0.06,0.05477225575051661,0.32,1.0,2,pilot,pending,,,NaN
493,0.98,5.0,Extreme,40,0.06,0.05477225575051661,0.32,1.0,3,pilot,pending,,,NaN
494,0.98,5.0,Extreme,40,0.06,0.05477225575051661,0.32,1.0,4,pilot,pending,,,NaN
495,0.98,5.0,Extreme,40,0.06,0.05477225575051661,0.32,1.0,5,pilot,pending,,,NaN
496,0.98,5.0,Extreme,40,0.06,0.05477225575051661,0.32,1.0,6,pilot,pending,,,NaN
497,0.98,5.0,Extreme,40,0.06,0.05477225575051661,0.32,1.0,7,pilot,pending,,,NaN
498,0.98,5.0,Extreme,40,0.06,0.05477225575051661,0.32,1.0,8,pilot,pending,,,NaN
499,0.98,5.0,Extreme,40,0.06,0.05477225575051661,0.32,1.0,9,pilot,pending,,,NaN
500,0.98,5.0,Extreme,40,0.06,0.05477225575051661,0.32,1.0,10,pilot,pending,,,NaN
501,0.98,5.0,Extreme,40,0.09,0.0670820393249937,0.32,1.0,1,pilot,pending,,,NaN
502,0.98,5.0,Extreme,40,0.09,0.0670820393249937,0.32,1.0,2,pilot,pending,,,NaN
503,0.98,5.0,Extreme,40,0.09,0.0670820393249937,0.32,1.0,3,pilot,pending,,,NaN
504,0.98,5.0,Extreme,40,0.09,0.0670820393249937,0.32,1.0,4,pilot,pending,,,NaN
505,0.98,5.0,Extreme,40,0.09,0.0670820393249937,0.32,1.0,5,pilot,pending,,,NaN
506,0.98,5.0,Extreme,40,0.09,0.0670820393249937,0.32,1.0,6,pilot,pending,,,NaN
507,0.98,5.0,Extreme,40,0.09,0.0670820393249937,0.32,1.0,7,pilot,pending,,,NaN
508,0.98,5.0,Extreme,40,0.09,0.0670820393249937,0.32,1.0,8,pilot,pending,,,NaN
509,0.98,5.0,Extreme,40,0.09,0.0670820393249937,0.32,1.0,9,pilot,pending,,,NaN
510,0.98,5.0,Extreme,40,0.09,0.0670820393249937,0.32,1.0,10,pilot,pending,,,NaN
511,0.98,5.0,Extreme,80,0.04,0.03162277660168379,0.32,1.0,1,pilot,pending,,,NaN
512,0.98,5.0,Extreme,80,0.04,0.03162277660168379,0.32,1.0,2,pilot,pending,,,NaN
513,0.98,5.0,Extreme,80,0.04,0.03162277660168379,0.32,1.0,3,pilot,pending,,,NaN
514,0.98,5.0,Extreme,80,0.04,0.03162277660168379,0.32,1.0,4,pilot,pending,,,NaN
515,0.98,5.0,Extreme,80,0.04,0.03162277660168379,0.32,1.0,5,pilot,pending,,,NaN
516,0.98,5.0,Extreme,80,0.04,0.03162277660168379,0.32,1.0,6,pilot,pending,,,NaN
517,0.98,5.0,Extreme,80,0.04,0.03162277660168379,0.32,1.0,7,pilot,pending,,,NaN
518,0.98,5.0,Extreme,80,0.04,0.03162277660168379,0.32,1.0,8,pilot,pending,,,NaN
519,0.98,5.0,Extreme,80,0.04,0.03162277660168379,0.32,1.0,9,pilot,pending,,,NaN
520,0.98,5.0,Extreme,80,0.04,0.03162277660168379,0.32,1.0,10,pilot,pending,,,NaN
521,0.98,5.0,Extreme,80,0.06,0.03872983346207417,0.32,1.0,1,pilot,pending,,,NaN
522,0.98,5.0,Extreme,80,0.06,0.03872983346207417,0.32,1.0,2,pilot,pending,,,NaN
523,0.98,5.0,Extreme,80,0.06,0.03872983346207417,0.32,1.0,3,pilot,pending,,,NaN
524,0.98,5.0,Extreme,80,0.06,0.03872983346207417,0.32,1.0,4,pilot,pending,,,NaN
525,0.98,5.0,Extreme,80,0.06,0.03872983346207417,0.32,1.0,5,pilot,pending,,,NaN
526,0.98,5.0,Extreme,80,0.06,0.03872983346207417,0.32,1.0,6,pilot,pending,,,NaN
527,0.98,5.0,Extreme,80,0.06,0.03872983346207417,0.32,1.0,7,pilot,pending,,,NaN
528,0.98,5.0,Extreme,80,0.06,0.03872983346207417,0.32,1.0,8,pilot,pending,,,NaN
529,0.98,5.0,Extreme,80,0.06,0.03872983346207417,0.32,1.0,9,pilot,pending,,,NaN
530,0.98,5.0,Extreme,80,0.06,0.03872983346207417,0.32,1.0,10,pilot,pending,,,NaN
531,0.98,5.0,Extreme,80,0.09,0.04743416490252569,0.32,1.0,1,pilot,pending,,,NaN
532,0.98,5.0,Extreme,80,0.09,0.04743416490252569,0.32,1.0,2,pilot,pending,,,NaN
533,0.98,5.0,Extreme,80,0.09,0.04743416490252569,0.32,1.0,3,pilot,pending,,,NaN
534,0.98,5.0,Extreme,80,0.09,0.04743416490252569,0.32,1.0,4,pilot,pending,,,NaN
535,0.98,5.0,Extreme,80,0.09,0.04743416490252569,0.32,1.0,5,pilot,pending,,,NaN
536,0.98,5.0,Extreme,80,0.09,0.04743416490252569,0.32,1.0,6,pilot,pending,,,NaN
537,0.98,5.0,Extreme,80,0.09,0.04743416490252569,0.32,1.0,7,pilot,pending,,,NaN
538,0.98,5.0,Extreme,80,0.09,0.04743416490252569,0.32,1.0,8,pilot,pending,,,NaN
539,0.98,5.0,Extreme,80,0.09,0.04743416490252569,0.32,1.0,9,pilot,pending,,,NaN
540,0.98,5.0,Extreme,80,0.09,0.04743416490252569,0.32,1.0,10,pilot,pending,,,NaN
