time,total_energy,momentum_x,momentum_y
0.0000000000,3.015953531589538e+01,2.112946039047637e+00,-1.907051729160589e+00
0.0100054510,3.015953499155463e+01,1.835695153647422e+00,-1.479215427547757e+00
0.0200054510,3.015953403279835e+01,1.794488516823276e+00,-1.400115071005087e+00
0.0300054510,3.015953301572217e+01,1.745718762572254e+00,-1.317115192421809e+00
0.0400054510,3.015953190661071e+01,1.689317640068433e+00,-1.230308831345845e+00
0.0500054510,3.015953066923462e+01,1.625235118812612e+00,-1.139799780934357e+00
0.0600010504,3.015952927032374e+01,1.601405211967425e+00,-7.987049896586833e-01
0.0700010504,3.015952766384238e+01,1.524168836895036e+00,-6.988242582410988e-01
0.0800008216,3.015952579734591e+01,1.551110075090353e+00,-1.950669307297840e-01
0.0900010115,3.015951832675758e+01,-1.311042140502691e+00,7.531779429808825e-01
0.1000010115,3.015950976907250e+01,-1.465560488145184e+00,8.142560666928098e-01
0.1100092664,3.015950167448831e+01,-1.255530412690509e+00,1.276365590209231e+00
0.1200079431,3.015949457957354e+01,-1.565111312411072e+00,1.420314868458729e+00
0.1300016775,3.015948842548809e+01,-1.631866096063873e+00,1.451766755166431e+00
0.1400011094,3.015948288333174e+01,-1.714592005846392e+00,1.808825493120218e+00
0.1500011094,3.015947802737626e+01,-1.830075375980953e+00,1.828725743178277e+00
0.1600091216,3.015947386705619e+01,-1.993090538689803e+00,1.653875934383006e+00
0.1700091216,3.015947040060401e+01,-2.084952516471499e+00,1.668835281373907e+00
0.1800049166,3.015946719207086e+01,-1.657995820750863e+00,1.896980579876799e+00
0.1900079161,3.015946659621467e+01,-2.174393235084833e+00,1.545461552277924e+00
0.2000079161,3.015946676109969e+01,-2.173396924824792e+00,1.562774567543781e+00
0.2100079161,3.015946693996730e+01,-2.162172447572527e+00,1.582419049071639e+00
0.2200079161,3.015946706332477e+01,-2.140616309525792e+00,1.604515489206206e+00
0.2300073514,3.015946705764916e+01,-2.038961474580642e+00,1.495674389366430e+00
0.2400076253,3.015946684644409e+01,-2.039927546926966e+00,1.267413750854751e+00
0.2500076253,3.015946634565586e+01,-1.985226074165918e+00,1.297241047920385e+00
0.2600073529,3.015946295314837e+01,-1.588523803891730e+00,1.839171924198172e+00
0.2700010374,3.015945630919038e+01,-1.474143851133133e+00,1.651445771041533e+00
0.2800062035,3.015944753868875e+01,-6.346291382033834e-01,1.281218976515729e+00
0.2900041859,3.015943698758336e+01,-5.376743248340115e-01,1.533102549651506e+00
0.3000041859,3.015942484876684e+01,-3.218702710374544e-01,1.564048690657091e+00
0.3100087906,3.015941110089451e+01,-2.443674813150887e-02,1.811300890848973e+00
0.3200087906,3.015939581336882e+01,2.231079981404106e-01,1.830501095663801e+00
0.3300001406,3.015937930864179e+01,2.610682023162783e+00,1.814793449003176e+00
0.3400047506,3.015936364317257e+01,2.797223141778988e+00,1.875562419625474e+00
0.3500039071,3.015934957171043e+01,2.829913897669549e+00,2.061976177099226e+00
0.3600039071,3.015933719254533e+01,3.060824420909355e+00,2.001798615280856e+00
0.3700050429,3.015932657503855e+01,2.941556983131637e+00,1.280391286886305e+00
0.3800050429,3.015931758916987e+01,3.148336902533888e+00,1.217244565682220e+00
0.3900016710,3.015931380520744e+01,4.983429066667794e+00,6.810233548512339e-01
0.4000076642,3.015931540591691e+01,5.292164161063006e+00,1.298778086575527e-01
0.4100076642,3.015931723182486e+01,5.365775311827305e+00,8.791919917096558e-02
0.4200076642,3.015931925021430e+01,5.434357559501531e+00,4.706876109025626e-02
0.4300076642,3.015932143244349e+01,5.498263966185952e+00,7.175922047739647e-03
0.4400076642,3.015932375364178e+01,5.557806888457932e+00,-3.190210637652702e-02
0.4500076642,3.015932619215119e+01,5.613260914548608e+00,-7.029968951205445e-02
0.4600076642,3.015932872904377e+01,5.664865609379429e+00,-1.081424893448164e-01
0.4700003291,3.015933133936212e+01,5.675035681139426e+00,-2.510056601130484e-01
0.4800093413,3.015933411319324e+01,5.808810475206539e+00,-5.077730495860302e-01
0.4900093413,3.015933699464182e+01,5.841362780156611e+00,-5.397216682017210e-01
0.5000061039,3.015933989149013e+01,5.809084184685713e+00,-2.946753201750967e-01
0.5100061039,3.015934279847188e+01,5.834867540423606e+00,-3.258092591825789e-01
0.5200061039,3.015934570694122e+01,5.857868131198762e+00,-3.572120424086820e-01
0.5300061039,3.015934861040010e+01,5.878083463973414e+00,-3.889295046666823e-01
0.5400061039,3.015935150251077e+01,5.895493838412527e+00,-4.210001756989998e-01
0.5500046349,3.015935429391476e+01,5.567009419874066e+00,-7.946773589748373e-01
0.5600081410,3.015935659529467e+01,5.453661762539279e+00,-5.382599519509726e-01
0.5700074192,3.015935882926984e+01,6.307366462894345e+00,-3.342242415190769e-01
0.5800074192,3.015936097613934e+01,6.285159331393370e+00,-3.713954752166595e-01
0.5900074192,3.015936300388664e+01,6.258016594414938e+00,-4.077755132855919e-01
0.6000074192,3.015936490065040e+01,6.225773766440032e+00,-4.432056653788408e-01
0.6100065398,3.015936663031502e+01,6.015067566921975e+00,-1.087790489529918e-01
0.6200031058,3.015936790007220e+01,6.017829153533618e+00,-4.598148420217941e-01
0.6300031058,3.015936895296200e+01,5.956356183360099e+00,-4.825740582495877e-01
0.6400069749,3.015936971476972e+01,5.720544769502871e+00,-7.480817035511433e-01
0.6500069749,3.015937017949349e+01,5.639477521124920e+00,-7.701460315040969e-01
0.6600069749,3.015937036285557e+01,5.551042636530862e+00,-7.897420593603622e-01
0.6700069749,3.015937024562226e+01,5.455046107953101e+00,-8.065796905952318e-01
0.6800069749,3.015936980876831e+01,5.351320037944077e+00,-8.203754529383496e-01
0.6900069749,3.015936903350227e+01,5.239725274581582e+00,-8.308647202117653e-01
0.7000064054,3.015936789926580e+01,5.135950109547585e+00,-1.150514530416172e+00
0.7100049338,3.015936639111036e+01,4.995862425194376e+00,-9.535417125161125e-01
0.7200049338,3.015936448881871e+01,4.859596498599084e+00,-9.530334828418521e-01
0.7300049338,3.015936217211621e+01,4.715207459815504e+00,-9.487815914190236e-01
0.7400019843,3.015935940294165e+01,4.643517523342712e+00,-1.166412527667516e+00
0.7500046268,3.015934665360230e+01,1.348140821434021e+00,-6.526067631114074e-03
0.7600046268,3.015933858689067e+01,1.155868848206737e+00,-4.008696816933133e-02
0.7700046268,3.015933087949993e+01,9.675850865794855e-01,-8.359083938676248e-02
0.7800046268,3.015932365745568e+01,7.845843956737441e-01,-1.364287158580458e-01
0.7900046268,3.015931701745350e+01,6.079307355248319e-01,-1.977849051217495e-01
0.8000095956,3.015931280108159e+01,-6.731857154461748e-01,-1.221964541614159e+00
0.8100095956,3.015931082512584e+01,-7.966107917016585e-01,-1.306269767062242e+00
0.8200095956,3.015930921441086e+01,-9.129855333683148e-01,-1.390030335695416e+00
0.8300026338,3.015930791833499e+01,-1.057471497834712e+00,-1.287519199095378e+00
0.8400086248,3.015930158320881e+01,-1.732328126934646e+00,-1.024190587044262e+00
0.8500086248,3.015930088873263e+01,-1.820156668259617e+00,-1.084285021791537e+00
0.8600049518,3.015930025025116e+01,-1.453999523041581e+00,-1.610939589277397e+00
0.8700083748,3.015929915550967e+01,-1.449375850956879e+00,-1.890710039027504e+00
0.8800083748,3.015929814671265e+01,-1.486126315461942e+00,-1.957071656418648e+00
0.8900083748,3.015929717575467e+01,-1.511987520637402e+00,-2.022822702376804e+00
0.9000083748,3.015929619594840e+01,-1.527019762444805e+00,-2.087958821894279e+00
0.9100083748,3.015929516222007e+01,-1.531289546142454e+00,-2.152436247312955e+00
0.9200072119,3.015929399615652e+01,-1.417333314055183e+00,-2.490549440037985e+00
0.9300072119,3.015929265771742e+01,-1.395640035588764e+00,-2.557849985845919e+00
0.9400072214,3.015929126268487e+01,-1.471700151851182e+00,-2.660316751610730e+00
0.9500026704,3.015928985407414e+01,-1.530602343423284e+00,-2.979867130753075e+00
0.9600015282,3.015928820226288e+01,-1.472625814891407e+00,-2.924742261269990e+00
0.9700010852,3.015928592556525e+01,-1.159196343149045e+00,-3.367947082477624e+00
0.9800066695,3.015928327717482e+01,-1.305208009656119e+00,-3.013303046411359e+00
0.9900093439,3.015928010707755e+01,1.348757252428137e-01,-2.909731370884056e+00
1.0000062664,3.015927661381318e+01,1.301954771565877e-01,-3.331658230817658e+00
1.0100062664,3.015927328438607e+01,2.406955997822929e-01,-3.346269897719879e+00
1.0200062664,3.015927013103482e+01,3.499688575500913e-01,-3.358969402174917e+00
1.0300015687,3.015926714064060e+01,3.275391049136854e-01,-3.672875728712365e+00
1.0400015687,3.015926410187484e+01,4.253016065303649e-01,-3.690940998195577e+00
1.0500084826,3.015926063919003e+01,3.327298326405569e-01,-4.017963121335186e+00
1.0600072868,3.015925687145839e+01,-6.726693486764690e-03,-3.547298934186223e+00
1.0700072868,3.015925273984170e+01,5.993626609245650e-02,-3.577797876581004e+00
1.0800093346,3.015924550695518e+01,1.088647327102451e+00,-4.199636555410681e+00
1.0900093346,3.015923657425260e+01,1.187198749159390e+00,-4.224448157062579e+00
1.1000093346,3.015922678551334e+01,1.281261257473385e+00,-4.246121995589265e+00
1.1100093346,3.015921607470888e+01,1.369737951442693e+00,-4.263933009290925e+00
1.1200067816,3.015920423483395e+01,6.484659679989874e-01,-4.723561962572735e+00
1.1300025512,3.015918550431514e+01,6.273763269001555e-01,-4.556233045648534e+00
1.1400025512,3.015916501478621e+01,6.257506855301475e-01,-4.553386786826458e+00
1.1500025512,3.015914282783340e+01,6.074251582438079e-01,-4.537029142940679e+00
1.1600025512,3.015911906596380e+01,5.712095558221950e-01,-4.505330770601457e+00
1.1700025512,3.015909393419458e+01,5.164251068387169e-01,-4.456668741967648e+00
1.1800076201,3.015906783971947e+01,5.411330720430727e-01,-4.057761152482763e+00
1.1900076201,3.015904141567725e+01,4.395156177925468e-01,-3.980449639636722e+00
1.2000029256,3.015901469008636e+01,3.020226076867902e-01,-3.668200297975942e+00
1.2100003920,3.015896164326479e+01,-1.859156878453108e+00,-3.151118653095760e+00
1.2200003920,3.015894204088292e+01,-1.959895753641566e+00,-2.985375927718046e+00
1.2300003920,3.015892467377629e+01,-2.055604835365883e+00,-2.815352643632827e+00
1.2400003920,3.015890946878504e+01,-2.146184670128773e+00,-2.643392949143315e+00
1.2500003920,3.015889630446287e+01,-2.231643103836074e+00,-2.471462096693829e+00
1.2600043687,3.015888503088190e+01,-2.368093955538161e+00,-2.115363515678547e+00
1.2700063611,3.015887552205608e+01,-2.283353272808391e+00,-1.591847966783186e+00
1.2800063611,3.015886757160015e+01,-2.354983914051642e+00,-1.430514657196589e+00
1.2900063611,3.015886100841833e+01,-2.421621416387540e+00,-1.273152877770449e+00
1.3000001587,3.015885568400769e+01,-2.530734350926437e+00,-8.937894217604202e-01
1.3100001587,3.015885144770680e+01,-2.588176932577781e+00,-7.449339534295447e-01
1.3200051335,3.015884892161539e+01,-1.744596204263800e+00,5.238620348503724e-01
1.3300093460,3.015884783908768e+01,-1.898049869849081e+00,5.286941708922326e-01
1.3400093460,3.015884725252038e+01,-1.958346494423261e+00,6.542555042324476e-01
1.3500010932,3.015884709299085e+01,-2.055587138610208e+00,8.784989178646447e-01
1.3600010932,3.015884729951680e+01,-2.101318828488190e+00,9.973753350632379e-01
1.3700010932,3.015884782028211e+01,-2.140026246116572e+00,1.113024213184635e+00
1.3800079053,3.015884900642447e+01,-2.667207927678741e+00,2.264978932801125e+00
1.3900075203,3.015885069401383e+01,-2.747929794735072e+00,2.576666517045939e+00
1.4000023356,3.015885246414959e+01,-2.733869329637012e+00,2.489417420422352e+00
1.4100027250,3.015885469254116e+01,-3.134779565952525e+00,2.352361193893227e+00
1.4200027250,3.015885691943882e+01,-3.119003479333547e+00,2.450105529430199e+00
1.4300027250,3.015885910442811e+01,-3.101318771222820e+00,2.547011427353269e+00
1.4400027627,3.015886123958402e+01,-3.045923527734645e+00,2.441911350820003e+00
1.4500035855,3.015886331682538e+01,-2.963501401849376e+00,2.298160776601654e+00
1.4600035855,3.015886532111238e+01,-2.936852129315679e+00,2.388149010942069e+00
1.4700070153,3.015886734081490e+01,-2.986757965804571e+00,2.338677755947313e+00
1.4800070153,3.015886927486339e+01,-2.951821787692417e+00,2.429437374196016e+00
1.4900042555,3.015887110608704e+01,-2.849706218723548e+00,3.009035801532576e+00
1.5000042555,3.015887283415998e+01,-2.813372706740440e+00,3.095680052555704e+00
1.5100042555,3.015887445642811e+01,-2.776302932625260e+00,3.180354201600144e+00
1.5200057856,3.015887597178927e+01,-2.664281415246749e+00,3.566390503948297e+00
1.5300079954,3.015887737603710e+01,-2.589168193133462e+00,3.866225127905025e+00
1.5400021021,3.015887859099920e+01,-2.404469447962153e+00,3.605189975337950e+00
1.5500021021,3.015887965120569e+01,-2.363444168906272e+00,3.673840769462415e+00
1.5600021021,3.015888058304438e+01,-2.322382804616887e+00,3.739724400738829e+00
1.5700021021,3.015888138481107e+01,-2.281579009729938e+00,3.802699858578076e+00
1.5800094029,3.015888205957383e+01,-2.282505826562606e+00,3.737875253500512e+00
1.5900038938,3.015888260098888e+01,-2.261635172442704e+00,4.306414492897675e+00
1.6000096750,3.015888299766756e+01,-2.220971104121564e+00,4.438379143048715e+00
1.6100080166,3.015888324867845e+01,-2.163168873358849e+00,4.803830947724259e+00
1.6200065022,3.015888334989877e+01,-2.124066717735942e+00,5.085669095940848e+00
1.6300065022,3.015888328961385e+01,-2.087319612168313e+00,5.131583474712700e+00
1.6400074417,3.015888305600516e+01,-2.050457758157056e+00,5.160985927696476e+00
1.6500074417,3.015888263531764e+01,-2.017015922743830e+00,5.200459743169957e+00
1.6600024137,3.015888199715750e+01,-1.870388933806195e+00,5.485415373755591e+00
1.6700024137,3.015888111364967e+01,-1.836443388386601e+00,5.520772232699169e+00
1.6800024137,3.015887998619007e+01,-1.803166558437115e+00,5.552709815203920e+00
1.6900024137,3.015887859377812e+01,-1.770102396216544e+00,5.581173360539083e+00
1.7000024137,3.015887691398544e+01,-1.736685007317416e+00,5.606135886643105e+00
1.7100024137,3.015887492294424e+01,-1.702240190040610e+00,5.627612034798830e+00
1.7200090029,3.015887134574541e+01,-6.564893973113859e-01,4.958585669172191e+00
1.7300090029,3.015886541568283e+01,-5.859654337054662e-01,4.978246594291876e+00
1.7400090029,3.015885874641530e+01,-5.089917413493723e-01,4.999811895892910e+00
1.7500072804,3.015885135617872e+01,-3.813461005921038e-01,5.158253749148058e+00
1.7600020933,3.015884327841705e+01,-1.706217662890963e-01,5.605066872912488e+00
1.7700020933,3.015883452524308e+01,-6.506331887372863e-02,5.646837416239579e+00
1.7800020933,3.015882525206716e+01,4.743124518403574e-02,5.695225583841450e+00
1.7900020933,3.015881559204670e+01,1.662082036164110e-01,5.751245514007762e+00
1.8000022601,3.015880674559173e+01,-4.908339844544383e-01,5.530037260419314e+00
1.8100022601,3.015879805678289e+01,-3.358033413649819e-01,5.589268775770177e+00
1.8200013927,3.015878948702910e+01,-2.297337887578959e-01,5.841432715276854e+00
1.8300013927,3.015878117534203e+01,-7.103050329770388e-02,5.926811047451084e+00
1.8400009613,3.015877325971442e+01,4.602739339734141e-02,6.210682258213289e+00
1.8500013853,3.015876583922470e+01,2.268175084514903e-01,6.466855599659007e+00
1.8600013853,3.015875898265378e+01,3.825033056510496e-01,6.588388671463259e+00
1.8700013853,3.015875272221625e+01,5.360394554130470e-01,6.719678468798536e+00
1.8800013853,3.015874705659776e+01,6.871145749446876e-01,6.859846899231604e+00
1.8900013853,3.015874195410061e+01,8.357046372829724e-01,7.008021778621085e+00
1.9000084151,3.015873916278530e+01,2.062558780416177e+00,7.893834354447469e+00
1.9100053561,3.015873697960382e+01,2.881631243000133e+00,8.852777622047071e+00
1.9200053561,3.015873342829270e+01,3.023122697865785e+00,9.014885971927653e+00
1.9300032301,3.015872915696002e+01,3.169231831090740e+00,8.882086844110754e+00
1.9400010648,3.015872400115933e+01,3.316549110604691e+00,9.057410924471464e+00
1.9500010648,3.015871784795372e+01,3.486778730829312e+00,9.221074550105124e+00
1.9600097203,3.015871055851696e+01,3.679150543539942e+00,9.236354587880292e+00
1.9700097203,3.015870200695901e+01,3.872223577301136e+00,9.395527918922035e+00
1.9800058870,3.015869020357233e+01,4.506188739969257e+00,9.677630459227132e+00
1.9900054986,3.015867227512847e+01,4.748394989992354e+00,9.762729404167002e+00
2.0000023538,3.015865393651680e+01,5.183505888065802e+00,1.001335395802050e+01
2.0100023538,3.015863557515189e+01,5.433938919754326e+00,1.009254523125587e+01
2.0200007132,3.015861757341090e+01,5.790188564498379e+00,1.048510518745108e+01
2.0300007132,3.015860028018994e+01,6.029189422282238e+00,1.053490564153426e+01
2.0400007132,3.015858397952453e+01,6.259363219585643e+00,1.057293302908088e+01
2.0500007132,3.015856886624178e+01,6.478464003689757e+00,1.060076379694532e+01
2.0600007132,3.015855504021165e+01,6.684776917969912e+00,1.062010268725785e+01
2.0700007132,3.015854251791786e+01,6.877077069730203e+00,1.063264137727631e+01
2.0800007132,3.015853125043899e+01,7.054546524779492e+00,1.063995537359919e+01
2.0900007132,3.015852114293617e+01,7.216673735777038e+00,1.064344208726328e+01
2.1000007132,3.015851207218230e+01,7.363154833377703e+00,1.064429430374250e+01
2.1100007132,3.015850390035084e+01,7.493809061172752e+00,1.064349900955787e+01
2.1200044539,3.015849644437640e+01,7.137456366694742e+00,1.076488070398982e+01
2.1300074408,3.015848956185171e+01,7.271509103872054e+00,1.082805122004032e+01
2.1400043749,3.015848156347818e+01,6.628346976759242e+00,1.129628519108463e+01
2.1500090223,3.015847172529210e+01,6.676622120968892e+00,1.087795215324133e+01
2.1600077577,3.015845953056183e+01,5.962287469502961e+00,1.096555945929776e+01
2.1700021489,3.015844657339679e+01,5.561812715620984e+00,1.128320951653838e+01
2.1800021489,3.015843407142788e+01,5.497254126144920e+00,1.121479346568294e+01
2.1900055252,3.015842226549439e+01,5.400246309325707e+00,1.105205322830134e+01
2.2000055252,3.015841120404590e+01,5.324394849653270e+00,1.097066114822994e+01
2.2100026367,3.015839996306978e+01,4.805354082196396e+00,1.108368461623779e+01
2.2200026367,3.015838787181315e+01,4.687462602330385e+00,1.097651702631156e+01
2.2300026367,3.015837647862049e+01,4.567551205966129e+00,1.086145647299780e+01
2.2400048483,3.015836578492524e+01,4.454121254913116e+00,1.084275650815471e+01
2.2500049517,3.015835607734263e+01,4.607590759320733e+00,1.019615563436659e+01
2.2600098860,3.015834706167444e+01,4.451991249724514e+00,9.870517970044133e+00
2.2700098860,3.015833867890575e+01,4.331482084372279e+00,9.734424752740800e+00
2.2800098860,3.015833093412275e+01,4.215924668860970e+00,9.592834354148252e+00
2.2900098860,3.015832383094292e+01,4.106205554241104e+00,9.446379722921773e+00
2.3000098860,3.015831736935376e+01,4.003134900455793e+00,9.295717111480975e+00
2.3100079338,3.015831154596606e+01,3.886485997996109e+00,8.838055841424641e+00
2.3200039750,3.015830634552230e+01,4.312336752830623e+00,7.860509018361148e+00
2.3300089644,3.015830164388996e+01,4.233013622329324e+00,7.670846755930575e+00
2.3400089644,3.015829742499760e+01,4.167664742073189e+00,7.510391174506802e+00
2.3500089644,3.015829365136883e+01,4.113452754965117e+00,7.349333262182295e+00
2.3600089644,3.015829028066734e+01,4.070535933434465e+00,7.188286532393679e+00
2.3700089644,3.015828726572974e+01,4.038977855516770e+00,7.027822023037608e+00
2.3800089644,3.015828455626187e+01,4.018760016288978e+00,6.868462803087810e+00
2.3900010227,3.015828210287001e+01,3.989954161348739e+00,6.600947799913609e+00
2.4000010227,3.015827984938897e+01,3.991897680425213e+00,6.444984879378458e+00
2.4100097686,3.015827774741315e+01,3.979917978587702e+00,5.916188047659696e+00
2.4200097686,3.015827575207762e+01,4.003140433551043e+00,5.764732722972743e+00
2.4300015812,3.015827382535816e+01,4.012526719526358e+00,5.706791972981033e+00
2.4400081957,3.015827191648216e+01,4.107911100569797e+00,5.259580904393588e+00
2.4500081957,3.015827000189591e+01,4.158435784154793e+00,5.120010515781116e+00
2.4600022718,3.015826820744820e+01,4.043787335825168e+00,4.638079939709868e+00
2.4700022718,3.015826638034849e+01,4.118539893518006e+00,4.511284574965822e+00
2.4800004559,3.015826448601166e+01,4.060500110313956e+00,3.943529018221889e+00
2.4900013480,3.015826255695567e+01,4.112911522193983e+00,3.714417822856543e+00
2.5000072853,3.015826072991049e+01,5.766902507892437e+00,3.610916892774332e+00
2.5100029141,3.015825930668005e+01,5.505425734580434e+00,2.517692438538127e+00
2.5200062391,3.015825846128241e+01,5.615305839999668e+00,2.301056488177080e+00
2.5300035130,3.015825787174919e+01,5.692969482277234e+00,1.900153780854626e+00
2.5400049693,3.015825758989119e+01,5.619372204178848e+00,1.482501488393368e+00
2.5500062522,3.015825760657451e+01,5.710743461546143e+00,1.168787429946918e+00
2.5600098574,3.015825786849820e+01,5.744723352244591e+00,7.867654089912608e-01
2.5700079579,3.015825834289512e+01,5.712474349185057e+00,-3.696748014076943e-01
2.5800093872,3.015825949327662e+01,6.275469389060426e+00,-5.325348506151928e-01
2.5900067254,3.015826108764768e+01,6.309084919875203e+00,-6.898773001811093e-01
2.6000018328,3.015826275888276e+01,6.333479609211279e+00,-1.005495056400245e+00
2.6100018328,3.015826449408430e+01,6.370347484404055e+00,-1.105068526675876e+00
2.6200075982,3.015826627782813e+01,6.385319897290641e+00,-1.324468411966502e+00
2.6300013344,3.015826753728385e+01,6.276118840640973e+00,-1.652596033035785e+00
2.6400013344,3.015826861887984e+01,6.282449792253176e+00,-1.771113237392963e+00
2.6500045964,3.015826955413949e+01,6.244010400405507e+00,-2.040631045517470e+00
2.6600049585,3.015826815328690e+01,5.913731055978605e+00,-2.493969423288049e+00
2.6700069137,3.015826534291062e+01,5.914553600009603e+00,-2.920359117167580e+00
2.6800069137,3.015826166684120e+01,5.846978720608442e+00,-3.064387847972943e+00
2.6900069137,3.015825698315581e+01,5.766555650329811e+00,-3.209738716035081e+00
2.7000004445,3.015824526384819e+01,4.324001365583537e+00,-3.883020936476312e+00
2.7100027821,3.015822974910334e+01,4.157377041747923e+00,-4.070866201173979e+00
2.7200084960,3.015821326240941e+01,3.823584001693261e+00,-3.859776665997542e+00
2.7300057107,3.015819634764878e+01,3.658377976340534e+00,-4.166359902701554e+00
2.7400057107,3.015817943025711e+01,3.465626288918744e+00,-4.219901514286691e+00
2.7500010158,3.015816294931720e+01,2.974304281346374e+00,-4.680331250969882e+00
2.7600010158,3.015814725182188e+01,2.785773536478523e+00,-4.706820195811475e+00
2.7700073345,3.015813255852262e+01,2.778557516934939e+00,-5.448920178912054e+00
2.7800073345,3.015811908301331e+01,2.606421841616884e+00,-5.456047151052559e+00
2.7900017187,3.015810695945267e+01,2.442266827363979e+00,-5.400150552863968e+00
2.8000017187,3.015809617296464e+01,2.290568203189085e+00,-5.393793900255696e+00
2.8100098975,3.015808664848268e+01,2.012222646887830e+00,-5.642653014392553e+00
2.8200098975,3.015807826834857e+01,1.878645412592257e+00,-5.631945880330868e+00
2.8300044401,3.015807148449489e+01,6.616370621499906e-01,-4.715320649434235e+00
2.8400036967,3.015806643219166e+01,7.543127840300636e-01,-5.120937322097052e+00
2.8500036967,3.015806095957007e+01,6.517259734760310e-01,-5.124610787276302e+00
2.8600036967,3.015805504231091e+01,5.489051490511028e-01,-5.135079226835890e+00
2.8700075387,3.015804857998337e+01,4.367080632501534e-01,-5.278554595461093e+00
2.8800075387,3.015804149688405e+01,3.318056582059944e-01,-5.305319251453400e+00
2.8900075387,3.015803374353412e+01,2.261573387218127e-01,-5.341348826082029e+00
2.9000075387,3.015802530402089e+01,1.201710913025305e-01,-5.387462874333010e+00
2.9100090358,3.015801580262575e+01,1.042417038842835e+00,-5.903242136376533e+00
2.9200036169,3.015800504630559e+01,1.048492113073585e+00,-6.249029007613316e+00
2.9300073284,3.015799384301784e+01,9.343755783117094e-01,-6.413020524189151e+00
2.9400099897,3.015796399963074e+01,-2.310851262901259e+00,-7.965862809546934e+00
2.9500045460,3.015795956067901e+01,-2.385500761261726e+00,-8.101053836636586e+00
2.9600013807,3.015795416480990e+01,-2.940122799231966e+00,-8.109101203613474e+00
2.9700042204,3.015794957913802e+01,-2.223775540447558e+00,-8.792157482865957e+00
2.9800042204,3.015794326952578e+01,-2.169221564976185e+00,-8.896050238708781e+00
2.9900010985,3.015793659663342e+01,-2.139165260962571e+00,-9.168593640061832e+00
3.0000010985,3.015792951804146e+01,-2.066604598966803e+00,-9.259580593102960e+00
3.0100010985,3.015792200938492e+01,-1.984915849725772e+00,-9.343088950873311e+00
3.0200010985,3.015791405657987e+01,-1.894401818994814e+00,-9.418598940268851e+00
3.0300096454,3.015790573703277e+01,-1.964680386091632e+00,-9.814771714481445e+00
3.0400031997,3.015789713957227e+01,-1.952890202918753e+00,-1.013104166380375e+01
3.0500048281,3.015788820630884e+01,-1.925822896085860e+00,-1.049764737658661e+01
3.0600065064,3.015787895498010e+01,-1.819075166923044e+00,-1.078265786076858e+01
3.0700065064,3.015786951319723e+01,-1.688354340187468e+00,-1.080217640963765e+01
3.0800047966,3.015785980017920e+01,-1.280737710093752e+00,-1.121382907568199e+01
3.0900048533,3.015785000484085e+01,-1.213646359611563e+00,-1.135425653700538e+01
3.1000048533,3.015784039751465e+01,-1.075868869017226e+00,-1.135452218501035e+01
3.1100048533,3.015783113275937e+01,-9.400523871259538e-01,-1.134642082196422e+01
3.1200047379,3.015782232567048e+01,-8.446538915274202e-01,-1.110104370839432e+01
3.1300047379,3.015781405774809e+01,-7.143181334017266e-01,-1.108061628016044e+01
3.1400079832,3.015780638799122e+01,-6.035160815813176e-01,-1.115653108569161e+01
3.1500079832,3.015779934213043e+01,-4.824269361645066e-01,-1.112484901852478e+01
3.1600079832,3.015779291266988e+01,-3.670152631549388e-01,-1.108977178396204e+01
3.1700079832,3.015778706522201e+01,-2.572140303773789e-01,-1.105227018785695e+01
3.1800079832,3.015778174502305e+01,-1.527589652503603e-01,-1.101318700071552e+01
3.1900079832,3.015777688268865e+01,-5.323530587266312e-02,-1.097321161843566e+01
3.2000079832,3.015777239954849e+01,4.187469898982399e-02,-1.093286610798083e+01
3.2100032051,3.015776844976365e+01,2.575276552255614e-01,-1.078070971151428e+01
3.2200032051,3.015776596547926e+01,3.293834742596264e-01,-1.074406580184727e+01
3.2300095744,3.015776340636993e+01,3.973188932222138e-01,-1.083290973770284e+01
3.2400031311,3.015776072594825e+01,4.749415420366045e-01,-1.087808100243652e+01
3.2500098397,3.015775786997646e+01,5.447848369094230e-01,-1.095184894188283e+01
3.2600098397,3.015775480563909e+01,6.173705043604465e-01,-1.091594570411084e+01
3.2700098397,3.015775150314302e+01,6.899247775791757e-01,-1.087892628101074e+01
3.2800012021,3.015774795146644e+01,7.845958882760204e-01,-1.055846800896681e+01
3.2900012021,3.015774414269827e+01,8.575947354244362e-01,-1.051662605674792e+01
3.3000012021,3.015774008562931e+01,9.298593836225757e-01,-1.047154683040706e+01
3.3100018811,3.015773580429391e+01,9.852101384771133e-01,-1.056787365355287e+01
3.3200018811,3.015773133416280e+01,1.053859309884720e+00,-1.051473274323209e+01
3.3300000824,3.015772672328864e+01,1.119606737689273e+00,-1.033512430893780e+01
3.3400000824,3.015772202305489e+01,1.181340527515633e+00,-1.027168048140753e+01
3.3500000824,3.015771729346321e+01,1.238632098061924e+00,-1.020259681536709e+01
3.3600000824,3.015771259339575e+01,1.290667081928071e+00,-1.012771795955208e+01
3.3700000824,3.015770797867046e+01,1.336715374822911e+00,-1.004700213916749e+01
3.3800000824,3.015770349926792e+01,1.376172870508199e+00,-9.960506496265484e+00
3.3900000824,3.015769919753404e+01,1.408594020444140e+00,-9.868367385657377e+00
3.4000000824,3.015769510744416e+01,1.433713229369004e+00,-9.770778853727675e+00
3.4100043616,3.015768810384501e+01,1.009566098913378e+00,-9.674438514654444e+00
3.4200034868,3.015768447420690e+01,1.061018169295445e+00,-9.668540897401583e+00
3.4300034868,3.015768133104121e+01,1.068034972784565e+00,-9.530072918685471e+00
3.4400041194,3.015767867538348e+01,1.132549314953075e+00,-9.631734800365534e+00
3.4500027424,3.015767648583297e+01,1.320879528813506e+00,-9.213707270899056e+00
3.4600084757,3.015767472637301e+01,1.272960706445757e+00,-8.949268174840574e+00
3.4700084757,3.015767339293722e+01,1.281850160164591e+00,-8.806153631050712e+00
3.4800084757,3.015767245060686e+01,1.290380687153291e+00,-8.661625978346368e+00
3.4900040059,3.015767169984154e+01,1.459522443937681e+00,-7.862418933006223e+00
3.5000051079,3.015767115762397e+01,1.476711812472397e+00,-7.741908899618954e+00
3.5100051079,3.015767084107821e+01,1.496183637704699e+00,-7.590556531775209e+00
3.5200034687,3.015767078030400e+01,1.354991131226422e+00,-7.307261106680108e+00
3.5300034687,3.015767144752678e+01,1.394534320508927e+00,-7.156896811343938e+00
3.5400039941,3.015767212917948e+01,1.391880908212850e+00,-6.907236905040925e+00
3.5500008673,3.015767199241906e+01,2.056498041842660e+00,-6.017587309545389e+00
3.5600008673,3.015767069719377e+01,2.124217895364876e+00,-5.862338775646661e+00
3.5700008673,3.015766876605031e+01,2.201449310399515e+00,-5.707978736685951e+00
3.5800008673,3.015766607450831e+01,2.289169917918688e+00,-5.554888492773948e+00
3.5900037358,3.015766248607931e+01,2.341818896320760e+00,-5.174599859875075e+00
3.6000037358,3.015765785535737e+01,2.453185649614689e+00,-5.025396458211928e+00
3.6100061915,3.015765207255659e+01,2.384963827332281e+00,-4.571194629952779e+00
3.6200061915,3.015764502000868e+01,2.529610882141612e+00,-4.433504476051610e+00
3.6300061915,3.015763648220618e+01,2.688830080070734e+00,-4.301505757104952e+00
3.6400061915,3.015762635793346e+01,2.863054700381096e+00,-4.176798574786147e+00
3.6500047718,3.015761461304687e+01,2.808908322389883e+00,-3.793128329007847e+00
3.6600058230,3.015760126873359e+01,2.870150509053915e+00,-3.094491919452211e+00
3.6700051107,3.015758638316382e+01,3.002192202797480e+00,-2.800731247527702e+00
3.6800051107,3.015757016400476e+01,3.231322518584552e+00,-2.724101986441161e+00
3.6900051107,3.015755290274478e+01,3.469590410653698e+00,-2.662974340221707e+00
3.7000026693,3.015753493139736e+01,3.503747089112029e+00,-2.271478326271910e+00
3.7100078093,3.015751657968223e+01,3.757679650683683e+00,-2.347130516710460e+00
3.7200078093,3.015749832866516e+01,4.001651674687825e+00,-2.331233351764850e+00
3.7300078093,3.015748051850663e+01,4.243569971344490e+00,-2.329919645681107e+00
3.7400029949,3.015746344047266e+01,4.024464212157337e+00,-2.084172266213403e+00
3.7500018560,3.015744918382297e+01,5.998531553399040e+00,-2.950747606481434e+00
3.7600086964,3.015743676259819e+01,5.752555902885582e+00,-2.535543369981923e+00
3.7700028740,3.015742452292814e+01,5.924288028256727e+00,-2.311938429828350e+00
3.7800066676,3.015741172803039e+01,5.718650555203276e+00,-2.136029536522212e+00
3.7900038305,3.015739852884832e+01,5.861844775315890e+00,-2.213235514327604e+00
3.8000098028,3.015738560883044e+01,5.931713398079875e+00,-2.323731664421719e+00
3.8100096495,3.015737305846211e+01,6.041857407172013e+00,-2.124936634001585e+00
3.8200096495,3.015736101229469e+01,6.149313056621754e+00,-2.110401776151211e+00
3.8300027086,3.015734960465957e+01,6.204033499315911e+00,-1.819975702104956e+00
3.8400027086,3.015733891424575e+01,6.287238834614383e+00,-1.792781833754400e+00
3.8500027086,3.015732903407689e+01,6.358307402478734e+00,-1.760982762934289e+00
3.8600027086,3.015732002174384e+01,6.417337930233588e+00,-1.725641484449207e+00
3.8700027086,3.015731190881486e+01,6.464653962168690e+00,-1.687796250094542e+00
3.8800027086,3.015730470255392e+01,6.500770493440164e+00,-1.648401956121860e+00
3.8900096936,3.015729838453534e+01,6.495699179811951e+00,-9.950163252154600e-01
3.9000083846,3.015729298134078e+01,6.693721722549926e+00,-1.324315104934153e+00
3.9100079574,3.015728864469813e+01,6.594560654077907e+00,-1.032624348356712e+00
3.9200014341,3.015728477521460e+01,6.411298936990201e+00,-1.134195878367688e+00
3.9300065052,3.015728151169183e+01,5.341127900879129e+00,-1.417014555014947e+00
3.9400060382,3.015727972862808e+01,4.873433077649786e+00,-1.564973217237414e+00
3.9500041242,3.015727844165902e+01,4.636035490609010e+00,-1.137475129088506e+00
3.9600041242,3.015727733362361e+01,4.589887107549894e+00,-1.073046566343413e+00
3.9700041242,3.015727644318702e+01,4.535103574628667e+00,-1.005297807890054e+00
3.9800091239,3.015727572044888e+01,4.480171280801866e+00,-7.045121767764762e-01
3.9900019361,3.015727519315393e+01,4.226076689070030e+00,-9.225028287045549e-01
4.0000019361,3.015727480371181e+01,4.153818533255488e+00,-8.403733263402982e-01
4.0100006145,3.015726674130490e+01,3.088798431845355e+00,-5.274943916890336e-01
4.0200031254,3.015726681980829e+01,3.074060107367056e+00,-6.823313820769810e-01
4.0300031254,3.015726693565011e+01,2.990267761064688e+00,-5.709623405021157e-01
4.0400031254,3.015726704256739e+01,2.901905912834933e+00,-4.579833833812013e-01
4.0500074604,3.015726709329024e+01,2.782331590178683e+00,-1.661138377548383e-01
4.0600061725,3.015726699432137e+01,1.703526968675555e+00,6.387218612559383e-01
4.0700061725,3.015726383346757e+01,1.570741037473074e+00,7.532864972517416e-01
4.0800076100,3.015726011029560e+01,9.293990430908410e-01,6.844872671006877e-01
4.0900077299,3.015725579219795e+01,7.645631344911347e-01,9.794323761671028e-01
4.1000099796,3.015725086729832e+01,6.263478181334448e-01,8.877087165283848e-01
4.1100062751,3.015724280725572e+01,-9.198535153344778e-01,1.152793540231960e+00
4.1200062751,3.015723650584230e+01,-1.093141444996408e+00,1.184880633245176e+00
4.1300006672,3.015723112877496e+01,-1.850654413773742e+00,9.412194533758078e-01
4.1400049785,3.015723047451289e+01,-2.089596873966419e+00,1.351794410246641e+00
4.1500021637,3.015723033202528e+01,-2.708513111521603e+00,8.677316468064780e-01
4.1600065044,3.015723243734365e+01,-2.818280690359029e+00,1.075501898820467e+00
4.1700029423,3.015723475944018e+01,-2.790486062396695e+00,1.630564841962177e+00
4.1800050801,3.015723723528856e+01,-3.245110169537037e+00,1.442018854337433e+00
4.1900050801,3.015723984853451e+01,-3.312194124163548e+00,1.456823343096430e+00
4.2000083847,3.015724256904467e+01,-3.285969295339487e+00,1.794771764805972e+00
4.2100083847,3.015724537307786e+01,-3.349248395673776e+00,1.811956233990361e+00
4.2200083847,3.015724824738803e+01,-3.410253650365632e+00,1.831079836346063e+00
4.2300083847,3.015725118067696e+01,-3.469190150557358e+00,1.852139336923253e+00
4.2400074082,3.015725412694945e+01,-3.713293332622350e+00,2.432903077564968e+00
4.2500023581,3.015725706315677e+01,-3.922168459923493e+00,2.806623723643971e+00
4.2600023581,3.015725999709759e+01,-3.982500782409265e+00,2.835553574367969e+00
4.2700023581,3.015726293025484e+01,-4.042368546233378e+00,2.866940397901615e+00
4.2800023581,3.015726585374069e+01,-4.101961379515075e+00,2.900783442182543e+00
4.2900023581,3.015726875877279e+01,-4.161466949543670e+00,2.937082255964665e+00
4.3000096803,3.015727163961098e+01,-4.236012243487344e+00,2.856897823441962e+00
4.3100096803,3.015727449159191e+01,-4.297541621141321e+00,2.896730511015790e+00
4.3200091572,3.015727730222510e+01,-4.421693146381547e+00,2.622960253182436e+00
4.3300071776,3.015728005472675e+01,-4.508244351510784e+00,2.492447931122450e+00
4.3400078216,3.015728273994555e+01,-4.564336458276170e+00,2.742040370415301e+00
4.3500078216,3.015728534331301e+01,-4.631576797823788e+00,2.789111423365064e+00
4.3600034027,3.015728715176898e+01,-5.633375189065291e+00,3.715094757082347e+00
4.3700031095,3.015728721386555e+01,-5.892519536050612e+00,3.343184562245444e+00
4.3800031095,3.015728687228694e+01,-6.017248395185578e+00,3.400895833842438e+00
4.3900031095,3.015728611209842e+01,-6.148322398731093e+00,3.457660338260369e+00
4.4000035490,3.015728490784899e+01,-6.305950344977672e+00,3.599802386250381e+00
4.4100034530,3.015728323833750e+01,-6.499401575257258e+00,3.419499643186548e+00
4.4200036171,3.015728301574218e+01,-7.835251663675466e+00,3.612684921268013e+00
4.4300015031,3.015727873903469e+01,-8.741288753863117e+00,4.187014044674529e+00
4.4400015031,3.015727394916487e+01,-8.934754106712756e+00,4.178415657092986e+00
4.4500015031,3.015726917966210e+01,-9.127220149331727e+00,4.161907429416345e+00
4.4600070037,3.015726447301275e+01,-9.354452104007743e+00,4.390100260152551e+00
4.4700070037,3.015725985874780e+01,-9.543486477924331e+00,4.359138529448933e+00
4.4800016987,3.015725535623379e+01,-9.772665215241629e+00,4.513377457346810e+00
4.4900096436,3.015725013998064e+01,-1.030392279591960e+01,3.987654876810494e+00
4.5000096436,3.015724443078761e+01,-1.050819892454973e+01,3.926083479085349e+00
4.5100096436,3.015723855939718e+01,-1.071108155560871e+01,3.858152242375536e+00
4.5200096436,3.015723245737466e+01,-1.091270359037383e+01,3.784375429112458e+00
4.5300048110,3.015722284716949e+01,-1.226541122295249e+01,2.846967583268581e+00
4.5400061131,3.015720762819229e+01,-1.438308367631863e+01,2.243872880087892e+00
4.5500061131,3.015718863138168e+01,-1.465168775835876e+01,2.216684831657113e+00
4.5600061131,3.015716973536118e+01,-1.491185280893254e+01,2.205739572839538e+00
4.5700061131,3.015715135209781e+01,-1.516053173324085e+01,2.210871449499101e+00
4.5800061131,3.015713385342637e+01,-1.539491295695272e+01,2.231253481383116e+00
4.5900021046,3.015711754711180e+01,-1.561355191272538e+01,2.307553098826844e+00
4.6000021046,3.015710261626047e+01,-1.581248964561791e+01,2.353872437496647e+00
4.6100021046,3.015708917816175e+01,-1.599175187021361e+01,2.410353752549300e+00
4.6200099027,3.015707718183507e+01,-1.630302719751894e+01,2.790192912100546e+00
4.6300078442,3.015706671097483e+01,-1.654262907688230e+01,2.703091525936751e+00
4.6400040180,3.015705719774326e+01,-1.658161944563609e+01,2.831763140502977e+00
4.6500030964,3.015705176874453e+01,-1.714716820729846e+01,3.316465424026868e+00
4.6600030964,3.015704868016773e+01,-1.717375280913253e+01,3.396354484964498e+00
4.6700020337,3.015704627478780e+01,-1.785861973637732e+01,3.935642813431397e+00
4.6800037830,3.015704316803617e+01,-1.846474248654727e+01,4.571134200548268e+00
4.6900037830,3.015703770336677e+01,-1.850032993940208e+01,4.646073816961231e+00
4.7000085586,3.015703161532592e+01,-1.863647962936744e+01,4.530250784716664e+00
4.7100036798,3.015702501277086e+01,-1.900120119776876e+01,4.106169415055046e+00
4.7200036798,3.015701778013845e+01,-1.902860289896877e+01,4.166788444668279e+00
4.7300029222,3.015700989527669e+01,-1.914860398960676e+01,4.430163996924544e+00
4.7400029222,3.015700139092933e+01,-1.917473526216265e+01,4.464824280230787e+00
4.7500070706,3.015699315003607e+01,-1.820604029568118e+01,4.218902554050367e+00
4.7600046773,3.015698437043271e+01,-1.727645560077226e+01,4.251629340497261e+00
4.7700046773,3.015697505644227e+01,-1.732991778500508e+01,4.215563656927656e+00
4.7800041886,3.015696552978959e+01,-1.737391592831684e+01,4.036855932383729e+00
4.7900041886,3.015695593874822e+01,-1.743716288136405e+01,3.976046731638521e+00
4.8000041886,3.015694644850648e+01,-1.750373168669144e+01,3.903221256971531e+00
4.8100041886,3.015693722892425e+01,-1.757203889300435e+01,3.818699972692857e+00
4.8200037532,3.015692844356957e+01,-1.763169166852648e+01,3.682269248909114e+00
4.8300037532,3.015692022919808e+01,-1.769806061174447e+01,3.575535755355743e+00
4.8400037532,3.015691269882127e+01,-1.776184689186638e+01,3.459556912648881e+00
4.8500038140,3.015690621809629e+01,-1.743574123795939e+01,2.923351123505781e+00
4.8600038140,3.015690063585767e+01,-1.750237697503207e+01,2.796549505424871e+00
4.8700013408,3.015689654438818e+01,-1.789036544948771e+01,1.848244415780394e+00
4.8800013408,3.015689668427321e+01,-1.791437764658843e+01,1.705407278574989e+00
4.8900087603,3.015689720096592e+01,-1.791967341105547e+01,1.649488252188503e+00
4.9000087603,3.015689804747404e+01,-1.793494940067318e+01,1.510880070996324e+00
4.9100087603,3.015689918135837e+01,-1.794658066403434e+01,1.374348741437058e+00
4.9200087603,3.015690056500047e+01,-1.795481559964404e+01,1.239993084282464e+00
4.9300087603,3.015690216494844e+01,-1.795987491383629e+01,1.107873299485112e+00
4.9400087603,3.015690395157272e+01,-1.796195093414576e+01,9.780182815040506e-01
4.9500087603,3.015690589868511e+01,-1.796120780565371e+01,8.504316608570008e-01
4.9600087603,3.015690798315054e+01,-1.795778224493487e+01,7.250967170419009e-01
4.9700087603,3.015691018450720e+01,-1.795178461232775e+01,6.019803186048616e-01
4.9800088541,3.015691239570180e+01,-1.773662694878539e+01,4.892518641165700e-02
4.9900088541,3.015691463987678e+01,-1.772151207662169e+01,-7.318095200887964e-02
5.0000083754,3.015691663306556e+01,-1.724446366979812e+01,-1.017019724074167e+00
5.0100083754,3.015691837211841e+01,-1.721187741400918e+01,-1.141887406459132e+00
5.0200083754,3.015692000806726e+01,-1.717399565813658e+01,-1.265745475508417e+00
5.0300046419,3.015692150037386e+01,-1.705655398609900e+01,-1.916627723670390e+00
5.0400046419,3.015692297049467e+01,-1.699888055222321e+01,-2.034009354826360e+00
5.0500095332,3.015692420851193e+01,-1.693080829806597e+01,-2.031669076456071e+00
5.0600095332,3.015692518190957e+01,-1.685950794384739e+01,-2.147588228182345e+00
5.0700095332,3.015692584731336e+01,-1.678139076550959e+01,-2.262769418202705e+00
5.0800095332,3.015692616051671e+01,-1.669598385702767e+01,-2.377060353219458e+00
5.0900095332,3.015692607351570e+01,-1.660279494383298e+01,-2.490244912096173e+00
5.1000000297,3.015692554181213e+01,-1.647952297291219e+01,-2.437848762616821e+00
5.1100000297,3.015692450988199e+01,-1.636740749634419e+01,-2.546219028197281e+00
5.1200000297,3.015692291960927e+01,-1.624598444701028e+01,-2.652206711950136e+00
5.1300000297,3.015692071955917e+01,-1.611484300235054e+01,-2.755222666748401e+00
5.1400000297,3.015691786419919e+01,-1.597366304059690e+01,-2.854567158015480e+00
5.1500000297,3.015691431841434e+01,-1.582225361157278e+01,-2.949433759523176e+00
5.1600000297,3.015691006277294e+01,-1.566059407851104e+01,-3.038923415441784e+00
5.1700000297,3.015690509910534e+01,-1.548887400539660e+01,-3.122071063497461e+00
5.1800001797,3.015689945433736e+01,-1.528733396069866e+01,-3.331908579045931e+00
5.1900053230,3.015689309914154e+01,-1.435964038469925e+01,-3.378603715135494e+00
5.2000053704,3.015688706784120e+01,-1.414495344065581e+01,-3.329788487016949e+00
5.2100053704,3.015688158624677e+01,-1.395687677018884e+01,-3.325038890279024e+00
5.2200078872,3.015687670916962e+01,-1.375477326726775e+01,-3.547047256709699e+00
5.2300078872,3.015687244903902e+01,-1.357363350725830e+01,-3.529782931213163e+00
5.2400078872,3.015686879020660e+01,-1.339619727967557e+01,-3.507647052509276e+00
5.2500094113,3.015686569946651e+01,-1.319066905083635e+01,-3.574154983350145e+00
5.2600023584,3.015686312892562e+01,-1.298411265850923e+01,-3.777663587077930e+00
5.2700023584,3.015686101934068e+01,-1.281598573454796e+01,-3.745087315377462e+00
5.2800080642,3.015685917156132e+01,-1.231244070868956e+01,-3.356015811693018e+00
5.2900088085,3.015685868882755e+01,-1.052115964432355e+01,-1.307039778737462e+00
5.3000030189,3.015685733337474e+01,-1.020535448959810e+01,-9.349701189436864e-01
5.3100012943,3.015685184738596e+01,-9.618098939989027e+00,-6.812786794320561e-01
5.3200012943,3.015684382331970e+01,-9.373096295304345e+00,-6.309957866848555e-01
5.3300012943,3.015683422386413e+01,-9.110521437202223e+00,-5.827434218733515e-01
5.3400004490,3.015681774827760e+01,-7.256003855062179e+00,-1.990694697014964e-01
5.3500000400,3.015680107298018e+01,-4.344941851539962e+00,-5.363787955249859e-01
5.3600001817,3.015678892302732e+01,-4.022829254472732e+00,-8.030453047068286e-01
5.3700020689,3.015677855395859e+01,-2.291496929246727e+00,-5.429421288319114e-01
5.3800020689,3.015676989088569e+01,-2.012962392454522e+00,-6.114777546781055e-01
5.3900098259,3.015676258259352e+01,-1.750372374753181e+00,-9.156497108946132e-01
5.4000019171,3.015675703104745e+01,-4.633729686421462e-01,-5.946367683531117e-02
5.4100019171,3.015675318505136e+01,-2.506599725053593e-01,-1.409324965873302e-01
5.4200019171,3.015675018848215e+01,-4.793475607927822e-02,-2.249930577755069e-01
5.4300019171,3.015674793462894e+01,1.455115989759215e-01,-3.111903292696495e-01
5.4400012505,3.015674632618456e+01,3.714225094387376e-01,-1.818981255401807e-01
5.4500012505,3.015674527910017e+01,5.468671331055699e-01,-2.728512290064660e-01
5.4600012505,3.015674472203516e+01,7.150466258092527e-01,-3.650158360837387e-01
5.4700012505,3.015674459122535e+01,8.765323315612468e-01,-4.582402016760049e-01
5.4800027548,3.015674482914304e+01,1.048075259086160e+00,-3.901392842154157e-01
5.4900027548,3.015674538662522e+01,1.196577838135369e+00,-4.859778650580783e-01
5.5000038389,3.015674622611435e+01,1.718713643981413e+00,-1.277935005076354e+00
5.5100086907,3.015674772839058e+01,1.870281912355253e+00,-1.505137811128943e+00
5.5200086907,3.015674931628254e+01,2.002853389828366e+00,-1.601459535317070e+00
5.5300038248,3.015675100169725e+01,2.183382368372071e+00,-1.584434697215819e+00
5.5400088357,3.015675273280819e+01,2.320369003700010e+00,-1.733724725029776e+00
5.5500088357,3.015675448862516e+01,2.446780867471547e+00,-1.838364628456545e+00
5.5600052742,3.015675624863168e+01,2.516400396040323e+00,-2.136696378029433e+00
5.5700052742,3.015675799519059e+01,2.640536616799556e+00,-2.245900758432183e+00
5.5800008492,3.015675877268635e+01,3.543474895018120e+00,-2.767012109858542e+00
5.5900017305,3.015675926870128e+01,3.910984496896723e+00,-3.649701180459314e+00
5.6000017305,3.015675948986608e+01,4.052006235650596e+00,-3.761039680224062e+00
5.6100017305,3.015675940814691e+01,4.197431944501899e+00,-3.872639347958406e+00
5.6200013897,3.015675900283816e+01,4.403793405551628e+00,-3.847415397578216e+00
5.6300020915,3.015675825719168e+01,4.587886679952222e+00,-4.159005031797434e+00
5.6400090815,3.015675600128550e+01,6.119689087967490e+00,-4.509031428829323e+00
5.6500090815,3.015675326505770e+01,6.294647408731358e+00,-4.582075794702131e+00
5.6600090815,3.015675064338837e+01,6.467251501894113e+00,-4.650581916111741e+00
5.6700017998,3.015674819751009e+01,6.630020655973624e+00,-4.730081178725479e+00
5.6800005351,3.015674569352369e+01,7.195153333063512e+00,-5.080082130224334e+00
5.6900059762,3.015674334815442e+01,7.346653475838128e+00,-4.976997337300465e+00
5.7000023314,3.015674121889809e+01,7.614796429427988e+00,-5.157191481458537e+00
5.7100023314,3.015673929631442e+01,7.775034596430753e+00,-5.215863380403524e+00
5.7200023314,3.015673757376488e+01,7.932114865383382e+00,-5.273554979232931e+00
5.7300023314,3.015673602729547e+01,8.086206736781294e+00,-5.330840385198664e+00
5.7400023314,3.015673462206342e+01,8.237610445989207e+00,-5.388240422387662e+00
5.7500038789,3.015673147135723e+01,9.117223720926194e+00,-6.039637008909095e+00
5.7600038789,3.015672733360555e+01,9.301036790797426e+00,-6.100120280962316e+00
5.7700038789,3.015672284006020e+01,9.486803071076753e+00,-6.158998847647947e+00
5.7800038789,3.015671792515272e+01,9.674936386995730e+00,-6.215834335136099e+00
5.7900038789,3.015671253532918e+01,9.865719423399469e+00,-6.270032818552799e+00
5.8000013341,3.015670649739938e+01,1.026528130398900e+01,-6.464890462361351e+00
5.8100013341,3.015669983962214e+01,1.046499478039689e+01,-6.511345661754819e+00
5.8200067469,3.015669346750287e+01,1.109985859843171e+01,-6.089696786820606e+00
5.8300067469,3.015668651880690e+01,1.128841868263595e+01,-6.131082898242405e+00
5.8400067469,3.015667908264634e+01,1.147966607295675e+01,-6.165749730102504e+00
5.8500030715,3.015667125372754e+01,1.146968772026480e+01,-6.049764234296886e+00
5.8600078639,3.015666303817234e+01,1.168374044751976e+01,-6.195532053305287e+00
5.8700017121,3.015665473603415e+01,1.187857877149301e+01,-6.118889989602873e+00
5.8800017121,3.015664648031128e+01,1.205461793675002e+01,-6.116285585771938e+00
5.8900017121,3.015663841474980e+01,1.222481805193592e+01,-6.105764033905816e+00
5.9000017121,3.015663065089428e+01,1.238769548305599e+01,-6.087890948583260e+00
5.9100084984,3.015662367543405e+01,1.364202690421766e+01,-5.549904737838857e+00
5.9200045472,3.015662110991429e+01,1.375548753039209e+01,-5.144927570912278e+00
5.9300045472,3.015661875356645e+01,1.384164332997255e+01,-5.100638087969476e+00
5.9400045472,3.015661652366841e+01,1.391846320502432e+01,-5.057114292079745e+00
5.9500045472,3.015661433773473e+01,1.398610474254576e+01,-5.014441236913687e+00
5.9600016118,3.015661215845203e+01,1.413832532712826e+01,-4.750794404264637e+00
5.9700016118,3.015660986556132e+01,1.418378579668728e+01,-4.713505201899786e+00
5.9800072296,3.015660737060855e+01,1.425189377409360e+01,-4.574705121904763e+00
5.9900072296,3.015660460880076e+01,1.427725906326344e+01,-4.540415403162188e+00
6.0000072296,3.015660149329614e+01,1.429324277357465e+01,-4.506282667472373e+00
6.0100015131,3.015659778513047e+01,1.549770684948977e+01,-4.482520955590230e+00
6.0200015131,3.015659342106954e+01,1.549657317066690e+01,-4.424947834246496e+00
6.0300015131,3.015658869854285e+01,1.548017394633231e+01,-4.366457303673878e+00
6.0400015131,3.015658355782968e+01,1.544778149938073e+01,-4.307531265256159e+00
6.0500006537,3.015657793990757e+01,1.536532348245885e+01,-4.087482326402061e+00
6.0600092706,3.015657191060968e+01,1.547444146882528e+01,-3.718651172110518e+00
6.0700009571,3.015656544601366e+01,1.531737375536969e+01,-3.454431853431002e+00
6.0800009571,3.015655829707280e+01,1.520435415541261e+01,-3.405166478900041e+00
6.0900009571,3.015655044971299e+01,1.507424724075349e+01,-3.358895314631021e+00
6.1000009571,3.015654190245368e+01,1.492734100654805e+01,-3.316603228659754e+00
6.1100009571,3.015653268142557e+01,1.476425242569195e+01,-3.279274124224601e+00
6.1200083273,3.015652283944666e+01,1.462346352457967e+01,-3.358755875361220e+00
6.1300043106,3.015649855690871e+01,1.249725891703356e+01,-3.424218746090279e+00
6.1400083906,3.015648962664563e+01,1.232258790228820e+01,-3.268533964498335e+00
6.1500081408,3.015648155111422e+01,1.218067862437986e+01,-3.150791100267078e+00
6.1600055694,3.015647434778585e+01,1.202825062914620e+01,-3.042212218884932e+00
6.1700007174,3.015646742322977e+01,1.173800276521788e+01,-3.226563658519312e+00
6.1800007174,3.015646090328270e+01,1.154648403240711e+01,-3.262145934373288e+00
6.1900024642,3.015645493233992e+01,1.136170717970667e+01,-3.285837914498991e+00
6.2000024642,3.015644940294653e+01,1.117400813748701e+01,-3.326573553304877e+00
6.2100023942,3.015644329825546e+01,9.988274379986382e+00,-4.070907613269114e+00
6.2200023942,3.015643532694105e+01,9.778915180261013e+00,-4.115333094138377e+00
6.2300058564,3.015642695161101e+01,9.165817495841610e+00,-4.669243515641785e+00
6.2400016739,3.015641766211081e+01,9.186483122608673e+00,-4.407175717926118e+00
6.2500035704,3.015640707189554e+01,8.952279309742494e+00,-4.275968346696009e+00
6.2600083888,3.015639508364254e+01,8.648606029707505e+00,-3.943002461478747e+00
6.2700083888,3.015638170469355e+01,8.380471942245267e+00,-3.957630830799746e+00
6.2800043289,3.015636703125259e+01,8.123075476967227e+00,-3.862629914290351e+00
6.2900025129,3.015635123773779e+01,7.862963944831799e+00,-3.758651807408440e+00
6.3000025129,3.015633460822955e+01,7.569347737583667e+00,-3.736298555217750e+00
6.3100009121,3.015631752079993e+01,7.263825995247551e+00,-3.499751111518403e+00
6.3200004127,3.015630038668414e+01,6.946291597343586e+00,-3.266391331819843e+00
6.3300004127,3.015628363500474e+01,6.647382578731304e+00,-3.197307372516371e+00
6.3400083026,3.015626763812566e+01,5.917745950714580e+00,-2.580956879975398e+00
6.3500083026,3.015625267471388e+01,5.628354252072620e+00,-2.483803708752058e+00
6.3600083026,3.015623897081181e+01,5.345932212502424e+00,-2.375073746114344e+00
6.3700083026,3.015622665702443e+01,5.071632818953712e+00,-2.256619152210681e+00
6.3800083026,3.015621577263168e+01,4.806015644845657e+00,-2.130320726360516e+00
6.3900070416,3.015621077609042e+01,3.328804838341303e+00,-1.118883298066097e+00
6.4000075553,3.015620729706718e+01,3.198602641275364e+00,-7.720150702856865e-01
6.4100075553,3.015620420471619e+01,2.982730347658247e+00,-6.462872928937327e-01
6.4200075553,3.015620139642945e+01,2.768514956709207e+00,-5.238230552721688e-01
6.4300099035,3.015619879888944e+01,2.566792060458938e+00,-3.418716779618097e-01
6.4400099035,3.015619635504398e+01,2.354243937349579e+00,-2.267530190741576e-01
6.4500099035,3.015619402241953e+01,2.142093747911965e+00,-1.154800736072471e-01
6.4600051426,3.015619177416827e+01,1.935828765940486e+00,9.655191973627836e-02
6.4700011516,3.015618011240874e+01,5.016169438745055e-02,3.122255771335165e-01
6.4800087659,3.015617859653345e+01,-4.562831093850210e-01,1.138857857517833e+00
6.4900029092,3.015617768528793e+01,-7.451446096903718e-01,1.660236705788718e+00
6.5000030215,3.015617699510167e+01,-1.109364645701893e+00,2.418748998688907e+00
6.5100097028,3.015617654153682e+01,-1.345790058387033e+00,2.239878801272904e+00
6.5200097028,3.015617624424529e+01,-1.527190443134577e+00,2.329067129817533e+00
6.5300054934,3.015617608759885e+01,-1.700040589466414e+00,2.567274472773675e+00
6.5400003309,3.015617606631457e+01,-1.897089621452666e+00,2.738415633844113e+00
6.5500065618,3.015617614122759e+01,-2.063870284531901e+00,2.965382041497152e+00
6.5600065618,3.015617628532113e+01,-2.234462177159654e+00,3.059658071702402e+00
6.5700065618,3.015617647072600e+01,-2.403698608723680e+00,3.156301174798151e+00
6.5800046813,3.015617666592216e+01,-2.552798858436230e+00,3.372929701233214e+00
6.5900032578,3.015617683691461e+01,-2.722393081053646e+00,3.529807861076955e+00
6.6000010474,3.015617577489956e+01,-3.787032605764705e+00,4.265024646078409e+00
6.6100091307,3.015617410786737e+01,-4.485234419177176e+00,4.965192214810788e+00
6.6200091307,3.015617110348032e+01,-4.694130488244896e+00,5.072909196199955e+00
6.6300091307,3.015616753429472e+01,-4.910075353267283e+00,5.178944012980046e+00
6.6400006638,3.015616335784394e+01,-5.164399739837724e+00,5.565850375596858e+00
6.6500006638,3.015615852107860e+01,-5.394587703483031e+00,5.665656877956443e+00
6.6600038393,3.015615300212980e+01,-5.569355404760366e+00,5.848483781673022e+00
6.6700038393,3.015614678700966e+01,-5.815244354980705e+00,5.940056875382703e+00
6.6800048554,3.015613986753189e+01,-6.107261684564572e+00,6.467128586473360e+00
6.6900048554,3.015613224676577e+01,-6.367193856384930e+00,6.546976285240323e+00
6.7000048554,3.015612394207817e+01,-6.634146926392213e+00,6.619514713037688e+00
6.7100082140,3.015611498386841e+01,-6.922121944457117e+00,6.641788714456128e+00
6.7200082140,3.015610542271997e+01,-7.199463423075160e+00,6.696512073605505e+00
6.7300046672,3.015609533135428e+01,-7.463329174280638e+00,6.885894935561923e+00
6.7400046672,3.015608478896235e+01,-7.746370121661484e+00,6.921554444603795e+00
6.7500010929,3.015607390477450e+01,-8.035896261777788e+00,7.089142176542481e+00
6.7600010929,3.015606279400503e+01,-8.320044286132790e+00,7.102126192415467e+00
6.7700010929,3.015605161028057e+01,-8.602454416990874e+00,7.103420803153450e+00
6.7800084998,3.015604051107143e+01,-8.839951621724827e+00,7.272506720497463e+00
6.7900084998,3.015602967602634e+01,-9.110442294133962e+00,7.253860248195135e+00
6.8000060445,3.015601927285681e+01,-9.554132317323994e+00,6.865512449436440e+00
6.8100019884,3.015601052246259e+01,-9.931246872626735e+00,6.783545606764123e+00
6.8200019884,3.015600340715216e+01,-1.016130582482014e+01,6.728838556928985e+00
6.8300007514,3.015599712359898e+01,-1.048904630034735e+01,6.958885785564060e+00
6.8400031984,3.015599161873354e+01,-1.062946874847803e+01,7.066116093187578e+00
6.8500031984,3.015598681436638e+01,-1.081814632441418e+01,7.004744228576283e+00
6.8600031984,3.015598274031735e+01,-1.099427549224730e+01,6.941632976264011e+00
6.8700031984,3.015597934646497e+01,-1.115799094498704e+01,6.877751603749675e+00
6.8800031984,3.015597657548100e+01,-1.130952898786211e+01,6.813977424136346e+00
6.8900031984,3.015597436495781e+01,-1.144919896407617e+01,6.751091719534297e+00
6.9000065281,3.015597332211671e+01,-1.273482432670627e+01,5.822438009994483e+00
6.9100021080,3.015597291627443e+01,-1.276796510380579e+01,5.659477499553304e+00
6.9200021080,3.015597235099217e+01,-1.283327706111778e+01,5.625638382623905e+00
6.9300029537,3.015597154792953e+01,-1.287193574657677e+01,5.529419393141958e+00
6.9400029537,3.015597042182408e+01,-1.291856754764827e+01,5.503670828474944e+00
6.9500004607,3.015596871559314e+01,-1.232129445880021e+01,5.886811229806221e+00
6.9600004607,3.015596101571210e+01,-1.228681994817554e+01,5.872381435880945e+00
6.9700004607,3.015595194435773e+01,-1.223799822559155e+01,5.858566662731829e+00
6.9800004607,3.015594139135419e+01,-1.217468899625571e+01,5.843926740238120e+00
6.9900046007,3.015592929068451e+01,-1.211611420931260e+01,5.963803073951318e+00
7.0000046007,3.015591564852595e+01,-1.202433533358540e+01,5.941982060143237e+00
7.0100046007,3.015590055227871e+01,-1.191997677138843e+01,5.913995681628311e+00
7.0200046007,3.015588418808829e+01,-1.180471919200246e+01,5.878051488383294e+00
7.0300046007,3.015586684121156e+01,-1.168079149496892e+01,5.832610055435456e+00
7.0400046007,3.015584888204192e+01,-1.155087580549495e+01,5.776551213331820e+00
7.0500046007,3.015583073657028e+01,-1.141793539693569e+01,5.709305704518683e+00
7.0600046007,3.015581284557204e+01,-1.128498852819714e+01,5.630921573206175e+00
7.0700041283,3.015579560296437e+01,-1.096101850180390e+01,5.261787719314904e+00
7.0800041283,3.015577874993716e+01,-1.082002120437243e+01,5.154546793230580e+00
7.0900041283,3.015576306295301e+01,-1.068466611848976e+01,5.039265292311987e+00
7.1000055409,3.015574867828658e+01,-1.058607981735904e+01,4.732848265799197e+00
7.1100055409,3.015573563800487e+01,-1.046421606340230e+01,4.607329761487848e+00
7.1200055409,3.015572390047632e+01,-1.034964075574189e+01,4.479013621896274e+00
7.1300008240,3.015571453324974e+01,-8.981162725997530e+00,3.434678396390839e+00
7.1400008240,3.015570691959042e+01,-8.889641113136211e+00,3.312284107713936e+00
7.1500015574,3.015569916231517e+01,-8.856933154856584e+00,2.949119416486757e+00
7.1600015574,3.015569116346199e+01,-8.758691077476946e+00,2.845910694441578e+00
7.1700045730,3.015568363434323e+01,-9.328428466367857e+00,2.886387317709954e+00
7.1800045730,3.015567555951604e+01,-9.252663811285132e+00,2.812159142808515e+00
7.1900041539,3.015566691948517e+01,-9.259683333982421e+00,2.487414319514690e+00
7.2000041539,3.015565778370711e+01,-9.176106247448788e+00,2.430802360425626e+00
7.2100041539,3.015564826885267e+01,-9.091175700388762e+00,2.382390780138659e+00
7.2200045138,3.015563863382019e+01,-8.858202483964961e+00,2.000975499118275e+00
7.2300026634,3.015562893651307e+01,-8.630135250576663e+00,2.220396857944303e+00
7.2400011712,3.015561904497382e+01,-8.300311271082116e+00,2.458568069523144e+00
7.2500010375,3.015560899373680e+01,-8.181208498635039e+00,2.494786822796353e+00
7.2600074731,3.015559926717341e+01,-8.015670049870124e+00,2.596163553367236e+00
7.2700058969,3.015559000346499e+01,-7.892392394470937e+00,2.664848692334213e+00
7.2800010038,3.015558254645319e+01,-6.418319277604346e+00,3.358524893206032e+00
7.2900067649,3.015557750257960e+01,-5.764642953840293e+00,3.935507376882611e+00
7.3000049381,3.015557485516141e+01,-5.276095243071325e+00,4.647833713896499e+00
7.3100049381,3.015557270249543e+01,-5.256343896704745e+00,4.633606640880995e+00
7.3200049381,3.015557057897989e+01,-5.232817027621882e+00,4.612932471005668e+00
7.3300049381,3.015556851621163e+01,-5.205560506330006e+00,4.585837814352576e+00
7.3400049381,3.015556654558378e+01,-5.174719977920263e+00,4.552423607820717e+00
7.3500049381,3.015556469742652e+01,-5.140529351907138e+00,4.512862177211644e+00
7.3600049381,3.015556300016656e+01,-5.103294924160815e+00,4.467392325942230e+00
7.3700049381,3.015556147954001e+01,-5.063376576958118e+00,4.416312432504187e+00
7.3800049381,3.015556015790405e+01,-5.021167702342775e+00,4.359971682492860e+00
7.3900049381,3.015555905369445e+01,-4.977075476484187e+00,4.298759739945002e+00
7.4000053054,3.015555819448165e+01,-5.061789994976228e+00,4.146325465274745e+00
7.4100041073,3.015555759905400e+01,-5.008801992299381e+00,4.038530983292673e+00
7.4200024644,3.015555724516273e+01,-4.897922321575396e+00,3.354425312615840e+00
7.4300024644,3.015555713075993e+01,-4.847330199048658e+00,3.276012361275004e+00
7.4400058521,3.015555726191112e+01,-4.733589731638300e+00,3.484437216636726e+00
7.4500094849,3.015555763340041e+01,-4.638653085938671e+00,3.540954335531885e+00
7.4600077747,3.015555823085305e+01,-4.592073051390646e+00,3.324573803216746e+00
7.4700002898,3.015555904912021e+01,-4.529799978107050e+00,3.133701183526990e+00
7.4800002898,3.015556007691508e+01,-4.484158284818143e+00,3.040527969392130e+00
7.4900057792,3.015556187465116e+01,-3.959342821008398e+00,2.582571204693026e+00
7.5000037085,3.015556410867867e+01,-3.996268436408997e+00,2.668241293316746e+00
7.5100090435,3.015556653901284e+01,-3.678419928531771e+00,2.209512407583322e+00
7.5200090435,3.015556922963716e+01,-3.662335531739782e+00,2.118470567064823e+00
7.5300090435,3.015557197497433e+01,-3.644864929752572e+00,2.027242212737024e+00
7.5400099073,3.015557483008878e+01,-3.929146925591011e+00,1.541137723351329e+00
7.5500099073,3.015557785571023e+01,-3.902887591685588e+00,1.452662261147445e+00
7.5600099073,3.015558089655591e+01,-3.876183289015894e+00,1.363736144594352e+00
7.5700099073,3.015558394989126e+01,-3.849062662446254e+00,1.274276002181416e+00
7.5800099073,3.015558701312443e+01,-3.821556278042748e+00,1.184197886110282e+00
7.5900099073,3.015559008376332e+01,-3.793696438145204e+00,1.093417583674724e+00
7.6000099073,3.015559315937319e+01,-3.765516957285793e+00,1.001850871569773e+00
7.6100099073,3.015559623753196e+01,-3.737052900061715e+00,9.094137136993768e-01
7.6200099073,3.015559931578338e+01,-3.708340283236367e+00,8.160224025464042e-01
7.6300099073,3.015560239158893e+01,-3.679415745460910e+00,7.215936440270432e-01
7.6400020113,3.015560543205274e+01,-3.373079581350682e+00,1.605332774939031e-01
7.6500020113,3.015560839378831e+01,-3.337528641784376e+00,6.164390942054923e-02
7.6600024295,3.015561137216855e+01,-2.246860837460349e+00,-4.047862966091518e-01
7.6700024295,3.015561441321383e+01,-2.219679479186790e+00,-5.103039970673752e-01
7.6800028311,3.015561741493663e+01,-2.107980068864860e+00,-8.992559491961727e-01
7.6900028311,3.015562036813397e+01,-2.079956174759273e+00,-1.007098925937793e+00
7.7000006524,3.015562316328067e+01,-2.214324030116030e+00,-1.532113805187757e+00
7.7100065341,3.015562585848030e+01,-2.134736528690170e+00,-1.913785557516736e+00
7.7200065341,3.015562844324355e+01,-2.110069394331632e+00,-2.031437723542263e+00
7.7300005016,3.015563089939442e+01,-2.118565428539418e+00,-1.902222234649340e+00
7.7400005016,3.015563321111661e+01,-2.094609033422816e+00,-2.023770922893006e+00
7.7500099883,3.015563452592133e+01,-1.631154927097749e+00,-2.658658327893257e+00
7.7600017320,3.015563511499103e+01,-9.648457667837171e-01,-2.457451838484119e+00
7.7700017320,3.015563525467871e+01,-9.112123708254196e-01,-2.590673936644563e+00
7.7800017320,3.015563489192684e+01,-8.545969615601826e-01,-2.726312602097623e+00
7.7900017320,3.015563395522857e+01,-7.947913688058790e-01,-2.864189550564852e+00
7.8000087423,3.015562820129870e+01,1.369181239867119e+00,-3.469211291947242e+00
7.8100090490,3.015562015723018e+01,1.794911664612752e+00,-3.683600381415542e+00
7.8200024216,3.015561227624717e+01,2.090838029692573e+00,-4.058184013799583e+00
7.8300094865,3.015560538297234e+01,2.790178912668548e+00,-3.840991367458284e+00
7.8400058623,3.015560356073485e+01,4.368921348244452e+00,-2.858578542264505e+00
7.8500030799,3.015560151676922e+01,4.529201382612317e+00,-3.196232021169326e+00
7.8600030799,3.015559906592746e+01,4.563959983776373e+00,-3.255094019823682e+00
7.8700030799,3.015559612151947e+01,4.590212467171728e+00,-3.319560570679808e+00
7.8800060181,3.015559305224579e+01,5.668106040103455e+00,-3.113776752832568e+00
7.8900045361,3.015558949107777e+01,5.627395271400371e+00,-3.388275426197188e+00
7.9000030558,3.015558462761723e+01,6.003258252398515e+00,-3.895315363811586e+00
7.9100020389,3.015557857079258e+01,6.996389340438698e+00,-4.575713792354409e+00
7.9200037458,3.015557050903982e+01,7.224669548852130e+00,-5.050334115055312e+00
7.9300045805,3.015555580261494e+01,7.084283002750182e+00,-5.995813835409519e+00
7.9400045805,3.015553569187120e+01,7.008528457895198e+00,-6.063405130883235e+00
7.9500065870,3.015551458201184e+01,7.634518312284133e+00,-6.111342668122480e+00
7.9600020159,3.015549319107188e+01,7.869992191799505e+00,-5.815963277729562e+00
7.9700020159,3.015547197217552e+01,7.783668840325197e+00,-5.797242946708835e+00
7.9800068636,3.015545601173732e+01,6.979125038605748e+00,-5.512249308634702e+00
7.9900068636,3.015544228126062e+01,7.006182794598279e+00,-5.396740285810056e+00
8.0000068636,3.015542976607326e+01,7.041419548632334e+00,-5.271900400897604e+00
8.0100009569,3.015541877883951e+01,7.583964436839318e+00,-4.384343182990245e+00
8.0200094192,3.015540818532871e+01,7.774526923216305e+00,-4.145602415640652e+00
8.0300094192,3.015540186296355e+01,7.752880137432644e+00,-3.955671931346095e+00
8.0400018081,3.015539659266249e+01,7.723671456269781e+00,-3.973257184773143e+00
8.0500022389,3.015539268715141e+01,7.028155256456612e+00,-2.989525955139957e+00
8.0600071402,3.015538989882542e+01,7.134940562727424e+00,-2.637100249282667e+00
8.0700064501,3.015538831568199e+01,7.146322027978899e+00,-1.815390070210712e+00
8.0800064501,3.015538758042927e+01,7.084215126149649e+00,-1.647323731013317e+00
8.0900064501,3.015538660925491e+01,7.014471428181984e+00,-1.480950156381057e+00
8.1000058663,3.015538543250992e+01,7.328096417505090e+00,-7.000933540058432e-01
8.1100038508,3.015538367610246e+01,6.027143781129803e+00,2.108983487567049e-01
8.1200015232,3.015537758467027e+01,5.889657899759698e+00,3.647611877979604e-01
8.1300015232,3.015537110478958e+01,5.731430829458418e+00,4.785376352970949e-01
8.1400009253,3.015536432657600e+01,5.783907948077855e+00,7.846325983474758e-01
8.1500009253,3.015535739875198e+01,5.619514662690710e+00,8.769199016066470e-01
8.1600009253,3.015535047663500e+01,5.455142831064158e+00,9.582856493767402e-01
8.1700009253,3.015534372412797e+01,5.292461936279591e+00,1.028908616475608e+00
8.1800089952,3.015533731043060e+01,5.516095036340145e+00,1.435262100160487e+00
8.1900089952,3.015533138301086e+01,5.356113851044071e+00,1.480927881607569e+00
8.2000089952,3.015532601520390e+01,5.202318399773540e+00,1.518144897300000e+00
8.2100089952,3.015532128292895e+01,5.055628326002481e+00,1.547922885139221e+00
8.2200039854,3.015531971437240e+01,4.447875204001931e+00,1.300187062926810e+00
8.2300076170,3.015532026980820e+01,4.177234222117584e+00,1.823623290005864e+00
8.2400002879,3.015532120278698e+01,4.174314156072765e+00,2.092396289094458e+00
8.2500002879,3.015532246447659e+01,4.101799540170110e+00,2.101272995209265e+00
8.2600002879,3.015532401259426e+01,4.034519354722804e+00,2.110425015752675e+00
8.2700002879,3.015532581083523e+01,3.972058114115909e+00,2.120021955186144e+00
8.2800002879,3.015532782694554e+01,3.914026962558843e+00,2.130192462757623e+00
8.2900002879,3.015533003247276e+01,3.860065070202725e+00,2.141032123042010e+00
8.3000092623,3.015533240520514e+01,3.837630683765417e+00,1.978394382535235e+00
8.3100049071,3.015533491751851e+01,3.843285971144711e+00,1.759782134003709e+00
8.3200049071,3.015533755474044e+01,3.800590520043988e+00,1.771998509341076e+00
8.3300062477,3.015534029502468e+01,3.933958457917156e+00,2.128702451384288e+00
8.3400080541,3.015534306036454e+01,3.952278124069899e+00,2.620405557242087e+00
8.3500032811,3.015534588335663e+01,3.929798628780388e+00,2.602138132885389e+00
8.3600032811,3.015534876863606e+01,3.904539772797923e+00,2.622432904106788e+00
8.3700032811,3.015535170428843e+01,3.881862694629947e+00,2.643793084086017e+00
8.3800084841,3.015535467672330e+01,4.205015878133235e+00,2.760163502391715e+00
8.3900084841,3.015535767921066e+01,4.188379981246523e+00,2.782264817402668e+00
8.4000084841,3.015536070753636e+01,4.173921653269700e+00,2.805313165830215e+00
8.4100084841,3.015536375495817e+01,4.161555351706461e+00,2.829291478428539e+00
8.4200000593,3.015536685941457e+01,4.008291291234782e+00,2.534826890077502e+00
8.4300023282,3.015537003437024e+01,3.886882066733640e+00,2.215842025974566e+00
8.4400051292,3.015537320518828e+01,3.985402514904273e+00,2.317649708295499e+00
8.4500051292,3.015537633546959e+01,3.989569763179536e+00,2.348505089051708e+00
8.4600055972,3.015537944448551e+01,4.020466371449515e+00,2.663328610343207e+00
8.4700092221,3.015538251659193e+01,3.980272819068900e+00,2.596461955183408e+00
8.4800074300,3.015538514559982e+01,4.436217935897301e+00,2.948673830193613e+00
8.4900074300,3.015538755313924e+01,4.461824430000960e+00,2.978664201591664e+00
8.5000074300,3.015538987771209e+01,4.489430901234059e+00,3.008098486642971e+00
8.5100074300,3.015539211492779e+01,4.519001131068372e+00,3.036840787719159e+00
8.5200074300,3.015539426082775e+01,4.550479716236485e+00,3.064748111361495e+00
8.5300074300,3.015539631200128e+01,4.583789153276329e+00,3.091672394176765e+00
8.5400074300,3.015539826569173e+01,4.618827124875856e+00,3.117463169068242e+00
8.5500036981,3.015540011343111e+01,4.528603043834745e+00,3.458249723014452e+00
8.5600023223,3.015540168465094e+01,4.702712947707304e+00,3.113752915761728e+00
8.5700023223,3.015540283378475e+01,4.728732459933215e+00,3.113796297993334e+00
8.5800040806,3.015540393590923e+01,4.825080007378694e+00,3.379620976123387e+00
8.5900040806,3.015540496827003e+01,4.848309527178294e+00,3.380816122197286e+00
8.6000050483,3.015540608373710e+01,5.301952349422818e+00,3.173276582433273e+00
8.6100050483,3.015540768925622e+01,5.297136653851883e+00,3.166745586042877e+00
8.6200069742,3.015540918031059e+01,5.177078571442540e+00,2.968134811772461e+00
8.6300069742,3.015541053407003e+01,5.164753108327087e+00,2.964479921189573e+00
8.6400009575,3.015541162980275e+01,5.690635937422015e+00,2.424955817907364e+00
8.6500009575,3.015541236644445e+01,5.675968483210545e+00,2.424620457759356e+00
8.6600009575,3.015541281231333e+01,5.659079762415268e+00,2.427205706496898e+00
8.6700033046,3.015541174884573e+01,6.309813117643205e+00,2.117935806295993e+00
8.6800032180,3.015541001301528e+01,7.350944336865379e+00,1.851236506526590e+00
8.6900039538,3.015540764126902e+01,7.520084310377408e+00,2.200208452348354e+00
8.7000095715,3.015540419158386e+01,7.888897909655411e+00,2.729555652935671e+00
8.7100095715,3.015539921286402e+01,7.924261490010734e+00,2.825369022965786e+00
8.7200095715,3.015539352133222e+01,7.956603219261036e+00,2.929014687765238e+00
8.7300095715,3.015538700804362e+01,7.986292622822603e+00,3.040279524995684e+00
8.7400092068,3.015537748646508e+01,6.854688267957367e+00,3.116124539312344e+00
8.7500021903,3.015536373421357e+01,8.320292865328625e+00,4.000447610278530e+00
8.7600024231,3.015534675118469e+01,8.431338795494090e+00,4.214048255205433e+00
8.7700024231,3.015532817854966e+01,8.507839911848354e+00,4.350563859359348e+00
8.7800024231,3.015530815232111e+01,8.588106429192557e+00,4.479011265258263e+00
8.7900081645,3.015528617519514e+01,7.297797697066508e+00,5.469710569309636e+00
8.8000081645,3.015526072417664e+01,7.352107512163001e+00,5.563580409843600e+00
8.8100001455,3.015523759178449e+01,8.513159275614266e+00,5.382746655460173e+00
8.8200058582,3.015522402192200e+01,9.310345123010920e+00,5.261175177593676e+00
8.8300058582,3.015521270152415e+01,9.207149761475167e+00,5.232586403638376e+00
8.8400058582,3.015520180044616e+01,9.094041289180442e+00,5.196547742660377e+00
8.8500021982,3.015519142685086e+01,9.056643290370662e+00,5.311456999110361e+00
8.8600042503,3.015518439846506e+01,8.190012376518016e+00,5.053807560486992e+00
8.8700042503,3.015517949067565e+01,8.100089659851117e+00,4.954639000752109e+00
8.8800042503,3.015517559661522e+01,8.013318788299559e+00,4.855258045816862e+00
8.8900074918,3.015517497339404e+01,7.273101584874180e+00,3.986380514977850e+00
8.9000074918,3.015517527123773e+01,7.228601045076243e+00,3.892011302354760e+00
8.9100074918,3.015517599360742e+01,7.184332919911393e+00,3.800687472285413e+00
8.9200063396,3.015517706666355e+01,6.558790618139030e+00,3.528808205248259e+00
8.9300063396,3.015517842452686e+01,6.512772044754868e+00,3.445535040008973e+00
8.9400063396,3.015518004651803e+01,6.467033514049112e+00,3.365544479398022e+00
8.9500094988,3.015518188664496e+01,6.535104773405188e+00,2.957110296268481e+00
8.9600033551,3.015518380061060e+01,6.197119456603504e+00,3.359022659978725e+00
8.9700057115,3.015518585099295e+01,6.394017471250818e+00,2.759755067316143e+00
8.9800057115,3.015518797175609e+01,6.345480832752102e+00,2.692993865339954e+00
8.9900037565,3.015519008067262e+01,6.245540114130989e+00,2.447943713396080e+00
9.0000037565,3.015519215292994e+01,6.196676583029918e+00,2.384490812311360e+00
9.0100037565,3.015519416205051e+01,6.147847516060351e+00,2.322900999125589e+00
9.0200007618,3.015519609399245e+01,5.993835658302036e+00,2.495209772319577e+00
9.0300007618,3.015519790426385e+01,5.941759935703317e+00,2.440019834497994e+00
9.0400007618,3.015519955502975e+01,5.889321714992044e+00,2.386267908739205e+00
9.0500007618,3.015520101486388e+01,5.836415741582867e+00,2.333800848747885e+00
9.0600076384,3.015520228644991e+01,5.622974884967555e+00,1.906134714637956e+00
9.0700045577,3.015520332124025e+01,5.596050961213959e+00,1.713352183083356e+00
9.0800045577,3.015520403327631e+01,5.541769026794335e+00,1.668136828112110e+00
9.0900052866,3.015520317007415e+01,6.017440819325437e+00,1.131525444392415e+00
9.1000052866,3.015520088898734e+01,5.995717323663373e+00,1.079986225149424e+00
9.1100052866,3.015519785567553e+01,5.975890962448544e+00,1.029617243827940e+00
9.1200018997,3.015519176139182e+01,4.894475585932202e+00,1.409942507123940e+00
9.1300076971,3.015518017875965e+01,5.901312575321660e+00,1.009825785829860e+00
9.1400076971,3.015516794124154e+01,5.901905639840973e+00,9.794722489140926e-01
9.1500080179,3.015515534701781e+01,5.914844562138902e+00,8.895433946919773e-01
9.1600077529,3.015514262857157e+01,5.886797154594379e+00,7.548714820291598e-01
9.1700077529,3.015513002113200e+01,5.883403126683940e+00,7.384597758552022e-01
9.1800005097,3.015511776388402e+01,5.844669789047268e+00,5.100610069697454e-01
9.1900005097,3.015510603254909e+01,5.835147457935272e+00,5.005599115813779e-01
9.2000064570,3.015509500781863e+01,5.794937911252743e+00,3.712119585581591e-01
9.2100064570,3.015508482361853e+01,5.776050206881794e+00,3.652629417719486e-01
9.2200032285,3.015507522033300e+01,5.319735755632994e+00,7.925235414063553e-01
9.2300022418,3.015506784573069e+01,5.744179006695449e+00,9.301281735886278e-01
9.2400022418,3.015506325894808e+01,5.637291907236387e+00,9.296489572531399e-01
9.2500022418,3.015505919137691e+01,5.526143826681222e+00,9.250706850598018e-01
9.2600083176,3.015505612401092e+01,4.431110542929373e+00,-2.448374506590156e-02
9.2700083176,3.015505427424259e+01,4.327468096092313e+00,-3.549365647946892e-02
9.2800043972,3.015505257806392e+01,4.222965355494845e+00,5.510474207584867e-02
9.2900024470,3.015505097981296e+01,4.127463387296236e+00,2.755199105246096e-01
9.3000047046,3.015504944381592e+01,3.973742836622030e+00,3.128374281608950e-02
9.3100060180,3.015504812343727e+01,3.686499757431672e+00,-1.911008520205247e-01
9.3200060180,3.015504702639790e+01,3.563704531463027e+00,-2.007051923306496e-01
9.3300051304,3.015504583936753e+01,3.449865315703291e+00,-4.487428286243598e-01
9.3400051304,3.015504455476329e+01,3.315344112424834e+00,-4.613249946421811e-01
9.3500009928,3.015503628055374e+01,1.631809838654230e+00,-3.832924303210915e-01
9.3600009928,3.015503480293471e+01,1.488841337420906e+00,-4.106885556835413e-01
9.3700097876,3.015503368952058e+01,1.472571816601051e+00,-2.079140638717076e-01
9.3800077590,3.015503296021442e+01,1.285169547279178e+00,-3.946603493906478e-01
9.3900070904,3.015503246821844e+01,1.173216337745819e+00,-6.391790211620021e-01
9.4000070904,3.015503222906453e+01,1.034538179538300e+00,-6.899567763057464e-01
9.4100061465,3.015503223891660e+01,8.867072668821079e-01,-5.318896985108637e-01
9.4200084230,3.015503237448152e+01,5.603665227573180e-01,-1.055579863916404e+00
9.4300084230,3.015503269587455e+01,4.309332294971200e-01,-1.117782408388623e+00
9.4400005546,3.015503320047744e+01,2.334073905163216e-01,-1.421548767146618e+00
9.4500084312,3.015503386172684e+01,1.068882018595105e-01,-1.627379976021655e+00
9.4600001578,3.015503416573697e+01,-3.109103471876478e-01,-2.002227759069813e+00
9.4700001578,3.015503394475139e+01,-4.465089886101663e-01,-2.085667255546084e+00
9.4800001578,3.015503358908742e+01,-5.822769868828201e-01,-2.172247491527773e+00
9.4900059366,3.015503184538868e+01,-1.606875425451429e+00,-3.051672998811745e+00
9.5000059366,3.015502693356964e+01,-1.779258413408755e+00,-3.147258940102174e+00
9.5100059366,3.015502087607346e+01,-1.960236278773606e+00,-3.241943755685444e+00
9.5200094875,3.015501353754130e+01,-2.090561265704314e+00,-3.087125747049375e+00
9.5300094875,3.015500480635454e+01,-2.292460687484880e+00,-3.178100862073886e+00
9.5400094875,3.015499460767737e+01,-2.504221465899786e+00,-3.263808573277558e+00
9.5500094875,3.015498292850826e+01,-2.725533420392492e+00,-3.342436585519343e+00
9.5600003988,3.015496984801424e+01,-3.060795449203275e+00,-3.801322019870145e+00
9.5700061602,3.015495557176656e+01,-3.497271718063576e+00,-4.193331873515667e+00
9.5800038529,3.015494033424220e+01,-3.752813172746190e+00,-4.089996764306475e+00
9.5900038529,3.015492445545994e+01,-3.991509064161801e+00,-4.117919345382154e+00
9.6000080354,3.015490824824406e+01,-4.081744720972114e+00,-4.438403411324225e+00
9.6100080354,3.015489213214511e+01,-4.309954949611227e+00,-4.444485676173877e+00
9.6200080354,3.015487659744234e+01,-4.531322709461215e+00,-4.437516473144610e+00
9.6300080354,3.015486200198823e+01,-4.743009683620326e+00,-4.418703395741178e+00
9.6400095086,3.015484861674438e+01,-4.937631857269928e+00,-4.475358188198119e+00
9.6500095086,3.015483661461121e+01,-5.123424456850104e+00,-4.438046220508390e+00
9.6600095086,3.015482607070313e+01,-5.294228822522416e+00,-4.394398404985300e+00
9.6700060001,3.015481698224997e+01,-5.518207460729335e+00,-4.599567965128974e+00
9.6800060001,3.015480926798204e+01,-5.657160494732782e+00,-4.548423412756981e+00
9.6900073115,3.015480222633762e+01,-5.370284977609760e+00,-4.922871127980676e+00
9.7000049148,3.015479517827973e+01,-5.447733129136386e+00,-5.039510016761151e+00
9.7100049148,3.015478884444784e+01,-5.507283215311675e+00,-4.996730762111183e+00
9.7200046061,3.015478304230214e+01,-5.626771580311043e+00,-5.151747164514879e+00
9.7300046061,3.015477758036381e+01,-5.654281652813513e+00,-5.112595831115221e+00
9.7400046061,3.015477229741831e+01,-5.665751983844515e+00,-5.074518743678926e+00
9.7500046061,3.015476703752010e+01,-5.661699743454875e+00,-5.037174546050081e+00
9.7600005845,3.015476166363382e+01,-5.660129457042869e+00,-4.621847509426424e+00
9.7700005845,3.015475605149862e+01,-5.627739292861416e+00,-4.581518598073870e+00
9.7800088650,3.015474899886255e+01,-4.525674401301819e+00,-4.385522012905446e+00
9.7900088650,3.015474043849862e+01,-4.445808296636732e+00,-4.283783333012674e+00
9.8000079060,3.015473287056512e+01,-4.688683163072939e+00,-3.408352247780269e+00
9.8100079060,3.015472617927074e+01,-4.596953616543299e+00,-3.298261474099959e+00
9.8200079060,3.015472007899812e+01,-4.510017089445594e+00,-3.181949240028241e+00
9.8300079060,3.015471463555521e+01,-4.429131334085941e+00,-3.060275735348973e+00
9.8400020304,3.015470992664663e+01,-4.406560989270663e+00,-2.810766290812301e+00
9.8500079087,3.015470601869771e+01,-4.385512960981012e+00,-2.524776728371086e+00
9.8600079087,3.015470278822834e+01,-4.318934447363112e+00,-2.401161972093453e+00
9.8700072731,3.015470015460727e+01,-4.251787685755483e+00,-2.274120518077408e+00
9.8800072731,3.015469804340173e+01,-4.197816924086394e+00,-2.144935735761662e+00
9.8900019407,3.015469643440840e+01,-4.225759159087399e+00,-1.655742085300270e+00
9.9000063965,3.015469526257404e+01,-4.275633548983169e+00,-1.222093757491637e+00
9.9100070303,3.015469443970836e+01,-4.358613403091447e+00,-8.010237691938977e-01
9.9200070303,3.015469388779787e+01,-4.343982822806059e+00,-6.646162287711662e-01
9.9300070303,3.015469357940495e+01,-4.337640212390621e+00,-5.282611072431759e-01
9.9400000480,3.015469375240207e+01,-3.693299178035794e+00,5.922603384600911e-02
9.9500039069,3.015469453359081e+01,-3.728938718378153e+00,4.025941127964705e-01
9.9600032057,3.015469546416233e+01,-3.495722510361861e+00,9.475255284423585e-01
9.9700032057,3.015469627833147e+01,-3.528597221808419e+00,1.066901135485820e+00
9.9800032057,3.015469685629624e+01,-3.564666717308056e+00,1.185437916935380e+00
9.9900032057,3.015469717297907e+01,-3.603930838682733e+00,1.302951520490129e+00
